,index,pLDDT,Probability of antimicrobial activity,Prediction,isCAZyme,isTM
0,OG0000000,55.75031390134529,0.0003185246473806,Non-antimicrobial,0.0,0.0
1,OG0000001,87.29445083014048,0.936657793563847,Antimicrobial,1.0,0.0
2,OG0000002,42.242113475177305,0.2532495264726598,Non-antimicrobial,0.0,0.0
3,OG0000003,49.262175000000006,0.0704974366582231,Non-antimicrobial,0.0,0.0
4,OG0000004,84.9853685168335,0.0190775380812781,Non-antimicrobial,1.0,0.0
5,OG0000005,86.08605906560155,0.9552661650207294,Antimicrobial,1.0,0.0
6,OG0000006,89.32036347318824,0.6238093560949857,Antimicrobial,1.0,0.0
7,OG0000007,87.51149056072134,0.9991415755698032,Antimicrobial,0.0,0.0
8,OG0000008,85.26320436158986,0.9006075788213193,Antimicrobial,0.0,0.0
9,OG0000009,88.63,0.9892128069113336,Antimicrobial,1.0,0.0
10,OG0000010,89.74655247417074,0.8161201089668706,Antimicrobial,1.0,0.0
11,OG0000011,50.18702786377709,0.996752358146364,Antimicrobial,0.0,0.0
12,OG0000012,89.65586167800454,0.254433621767793,Non-antimicrobial,0.0,0.0
13,OG0000013,91.41586833144154,0.2763949172540419,Non-antimicrobial,0.0,0.0
14,OG0000014,76.76410531528556,0.9966926177629158,Antimicrobial,1.0,0.0
15,OG0000015,85.13959502458778,0.9999900417177272,Antimicrobial,1.0,0.0
16,OG0000017,83.35076736672052,0.8204750501021036,Antimicrobial,0.0,0.0
17,OG0000018,82.55976388888888,0.9950759490351754,Antimicrobial,0.0,0.0
18,OG0000019,41.71029850746268,0.0354776300965118,Non-antimicrobial,0.0,0.0
19,OG0000020,78.62787913340937,0.9316682153357224,Antimicrobial,0.0,0.0
20,OG0000021,53.54328877005348,0.0140266938625487,Non-antimicrobial,0.0,0.0
21,OG0000022,47.628755458515286,1.5490624210346022e-05,Non-antimicrobial,0.0,0.0
22,OG0000023,78.73458773784355,0.9829658590326946,Antimicrobial,1.0,0.0
23,OG0000024,92.57727191413238,0.9998993750716028,Antimicrobial,1.0,0.0
24,OG0000027,92.95248756218903,0.7890698882109729,Antimicrobial,1.0,0.0
25,OG0000028,86.47254010278773,0.991866616690554,Antimicrobial,0.0,0.0
26,OG0000029,75.7852014995314,0.9999622077081328,Antimicrobial,1.0,0.0
27,OG0000030,90.8208041799182,0.8281605601223112,Antimicrobial,1.0,0.0
28,OG0000031,85.41966748768472,0.6694375558144527,Antimicrobial,1.0,0.0
29,OG0000032,52.05930635838149,0.1841132746985765,Non-antimicrobial,0.0,0.0
30,OG0000033,82.4554680438993,0.993120778015539,Antimicrobial,1.0,0.0
31,OG0000034,85.0744401168452,0.6678769676863567,Antimicrobial,0.0,0.0
32,OG0000035,76.16585599999999,0.9983409543631724,Antimicrobial,1.0,0.0
33,OG0000036,84.05679255511384,0.9995771346324456,Antimicrobial,1.0,0.0
34,OG0000037,90.44011315417256,0.5520064668236673,Antimicrobial,1.0,0.0
35,OG0000039,80.69860844870429,0.9726182238508668,Antimicrobial,1.0,0.0
36,OG0000043,56.011418181818186,0.0089933044157084,Non-antimicrobial,0.0,0.0
37,OG0000044,87.09848021582735,0.6647278203117808,Antimicrobial,0.0,0.0
38,OG0000045,93.66196990424076,0.99547241665487,Antimicrobial,1.0,0.0
39,OG0000046,88.20946355446355,0.1568807330335157,Non-antimicrobial,0.0,0.0
40,OG0000047,76.28482432942955,0.9456076715151558,Antimicrobial,0.0,0.0
41,OG0000050,84.61260814249363,0.0546782744444975,Non-antimicrobial,1.0,0.0
42,OG0000052,87.52870264474625,0.991634130492465,Antimicrobial,1.0,0.0
43,OG0000053,90.347704970949,0.0876102659067755,Non-antimicrobial,0.0,0.0
44,OG0000054,75.99710535588443,0.8286102705958969,Antimicrobial,0.0,1.0
45,OG0000057,85.04941114982579,0.0828922353813725,Non-antimicrobial,0.0,0.0
46,OG0000058,91.0634070940449,0.7541572741115841,Antimicrobial,1.0,0.0
47,OG0000059,89.12401877133107,0.9391494040366984,Antimicrobial,1.0,0.0
48,OG0000061,86.17796722990272,0.998145600565771,Antimicrobial,0.0,0.0
49,OG0000063,45.04461309523809,0.0616485521913888,Non-antimicrobial,0.0,0.0
50,OG0000064,81.71302033492822,0.9950688417529794,Antimicrobial,0.0,0.0
51,OG0000065,87.95565627563577,0.8195197370574906,Antimicrobial,1.0,0.0
52,OG0000066,82.99599140069456,0.9760033577532824,Antimicrobial,1.0,0.0
53,OG0000067,89.7999957392416,0.9985745061484156,Antimicrobial,1.0,0.0
54,OG0000070,92.5844695481336,0.8896173426507648,Antimicrobial,1.0,0.0
55,OG0000073,67.37739591218774,0.8195864755227941,Antimicrobial,0.0,0.0
56,OG0000074,92.06511559272012,0.7943948863316741,Antimicrobial,0.0,0.0
57,OG0000075,92.6481755050505,0.9804834279724778,Antimicrobial,1.0,0.0
58,OG0000077,84.39314999999999,0.9998576763692076,Antimicrobial,1.0,0.0
59,OG0000078,86.2472808468409,0.8454942153886345,Antimicrobial,1.0,0.0
60,OG0000079,90.65976982097186,0.7142222260465929,Antimicrobial,0.0,0.0
61,OG0000080,78.11656758272576,0.7518753918379371,Antimicrobial,0.0,0.0
62,OG0000081,61.37734856007944,0.1732339452666272,Non-antimicrobial,0.0,0.0
63,OG0000082,78.17447990181037,0.1215024800765216,Non-antimicrobial,1.0,0.0
64,OG0000085,82.93273391304348,0.453164581526178,Non-antimicrobial,0.0,0.0
65,OG0000086,83.81090733590733,0.9855788142106638,Antimicrobial,1.0,0.0
66,OG0000089,93.09108846487425,0.9112900628479054,Antimicrobial,1.0,0.0
67,OG0000094,86.53587025316456,0.7105656142864143,Antimicrobial,0.0,0.0
68,OG0000100,68.55947100063734,0.8049513522553468,Antimicrobial,0.0,0.0
69,OG0000101,82.74620262390671,0.9845475641491112,Antimicrobial,1.0,0.0
70,OG0000102,74.60326105087573,0.7038795406054654,Antimicrobial,0.0,0.0
71,OG0000112,80.50029715579456,0.991346718395578,Antimicrobial,1.0,0.0
72,OG0000113,82.08556636726547,0.3414459544330295,Non-antimicrobial,1.0,0.0
73,OG0000114,83.63039532412327,0.8308187725342989,Antimicrobial,0.0,0.0
74,OG0000118,66.27185660377359,0.885760247116289,Antimicrobial,0.0,0.0
75,OG0000120,92.57654919236418,0.9983601769950168,Antimicrobial,0.0,0.0
76,OG0000122,71.90636101083032,0.9578452580604832,Antimicrobial,0.0,0.0
77,OG0000125,89.51259444444443,0.9960403533047508,Antimicrobial,0.0,0.0
78,OG0000128,90.04954666666667,0.9937857518034324,Antimicrobial,0.0,0.0
79,OG0000131,91.47613849765258,0.9615391970404829,Antimicrobial,0.0,0.0
80,OG0000133,78.27881610446137,0.8376069339382208,Antimicrobial,0.0,0.0
81,OG0000134,56.03325936199722,0.106291189108583,Non-antimicrobial,0.0,0.0
82,OG0000135,84.76055544084245,0.2805419038196316,Non-antimicrobial,1.0,0.0
83,OG0000136,89.89885232526515,0.955332548043566,Antimicrobial,1.0,0.0
84,OG0000141,30.43289111854329,0.9558459167187432,Antimicrobial,0.0,0.0
85,OG0000142,77.95858010410643,0.0309911392029835,Non-antimicrobial,0.0,1.0
86,OG0000144,88.02276404494381,0.3176865250009455,Non-antimicrobial,0.0,0.0
87,OG0000152,83.5882548794489,0.995836210330298,Antimicrobial,1.0,0.0
88,OG0000153,88.48626861771623,0.9779494247111926,Antimicrobial,1.0,0.0
89,OG0000155,64.74331082835627,0.9933360007483184,Antimicrobial,1.0,0.0
90,OG0000158,91.8563435281267,0.9964160150919624,Antimicrobial,0.0,0.0
91,OG0000168,85.82990511455682,0.9992563864065894,Antimicrobial,1.0,0.0
92,OG0000170,82.69032094251473,0.9795498446685628,Antimicrobial,1.0,0.0
93,OG0000177,86.52536526533426,0.8410130760285371,Antimicrobial,0.0,0.0
94,OG0000178,86.01214820982514,0.0817604844202895,Non-antimicrobial,0.0,0.0
95,OG0000179,70.7997989143844,0.9992530282865716,Antimicrobial,0.0,1.0
96,OG0000180,79.35412338350648,0.5294454953190226,Antimicrobial,0.0,0.0
97,OG0000184,73.21276356723124,0.999995957548052,Antimicrobial,0.0,1.0
98,OG0000185,90.08351145038168,0.1186304517161532,Non-antimicrobial,0.0,0.0
99,OG0000190,82.39910317460317,0.0322727931970605,Non-antimicrobial,1.0,0.0
100,OG0000192,76.4396801266825,0.0001708958498926,Non-antimicrobial,0.0,1.0
101,OG0000195,88.64028340080971,0.977542062053071,Antimicrobial,0.0,0.0
102,OG0000198,87.36862438220757,0.9731912262151304,Antimicrobial,0.0,0.0
103,OG0000202,87.62418363107604,0.9349037199669706,Antimicrobial,0.0,1.0
104,OG0000205,90.40705324580598,0.8840494123696198,Antimicrobial,0.0,0.0
105,OG0000208,71.70722478576137,0.9379902639257048,Antimicrobial,0.0,1.0
106,OG0000210,81.90588865979382,0.7912839868401376,Antimicrobial,0.0,1.0
107,OG0000213,84.54094032023289,0.958089096622143,Antimicrobial,0.0,0.0
108,OG0000214,76.95019468186135,0.991649649794132,Antimicrobial,0.0,0.0
109,OG0000215,89.09688593056643,0.9104842249214044,Antimicrobial,0.0,0.0
110,OG0000220,82.52982774418179,0.9965651017514467,Antimicrobial,0.0,1.0
111,OG0000224,58.13532463330457,0.0,Non-antimicrobial,0.0,1.0
112,OG0000225,90.3378626977742,0.2591523210892054,Non-antimicrobial,0.0,1.0
113,OG0000229,71.1973550505487,0.0,Non-antimicrobial,1.0,0.0
114,OG0000230,72.34034193548386,0.8122149675854089,Antimicrobial,0.0,1.0
115,OG0000231,81.16348596750369,0.1484016160414201,Non-antimicrobial,0.0,1.0
116,OG0000232,68.78065317387303,0.184851960305957,Non-antimicrobial,0.0,0.0
117,OG0000234,47.518274320241694,0.0,Non-antimicrobial,0.0,1.0
118,OG0000235,85.30638370118845,0.9855155793122344,Antimicrobial,0.0,1.0
119,OG0000237,84.59171018945213,0.8558825036639667,Antimicrobial,0.0,1.0
120,OG0000239,79.10074389424155,0.2285505179304309,Non-antimicrobial,0.0,1.0
121,OG0000240,73.21008403361344,0.9960651279791743,Antimicrobial,0.0,0.0
122,OG0000245,83.2399917287014,0.9532384251183168,Antimicrobial,0.0,1.0
123,OG0000247,72.06988598256204,0.9950254813504472,Antimicrobial,0.0,1.0
124,OG0000248,81.87542984979227,0.9925514015151936,Antimicrobial,0.0,0.0
125,OG0000250,81.31995196156925,0.0026216855884554,Non-antimicrobial,1.0,0.0
126,OG0000251,76.82153533987149,0.8879131842075381,Antimicrobial,0.0,1.0
127,OG0000252,78.60178150217257,0.983876448357164,Antimicrobial,0.0,1.0
128,OG0000256,83.11958431808702,0.879201317862643,Antimicrobial,0.0,1.0
129,OG0000257,81.25138728323698,0.121711171218119,Non-antimicrobial,0.0,1.0
130,OG0000258,73.8072029250457,0.9443713172971,Antimicrobial,0.0,0.0
131,OG0000259,85.41606873822975,0.0001933281886355,Non-antimicrobial,0.0,1.0
132,OG0000262,82.66385477582847,0.0097161105340138,Non-antimicrobial,0.0,1.0
133,OG0000264,62.20298803929945,0.003911513356271,Non-antimicrobial,0.0,0.0
134,OG0000266,84.49905045689313,0.0138054065317841,Non-antimicrobial,0.0,1.0
135,OG0000275,84.89315376382447,0.0398711419339042,Non-antimicrobial,0.0,1.0
136,OG0000277,70.58058551617874,0.977109575729076,Antimicrobial,0.0,1.0
137,OG0000281,77.27649193548386,0.9304235811472604,Antimicrobial,0.0,1.0
138,OG0000284,82.24082318353632,0.5403563523392333,Antimicrobial,0.0,1.0
139,OG0000287,80.78685860382393,0.3274461474660959,Non-antimicrobial,0.0,0.0
140,OG0000291,85.59880707527766,0.0237829293439302,Non-antimicrobial,0.0,0.0
141,OG0000293,71.36321013222877,0.0,Non-antimicrobial,1.0,0.0
142,OG0000294,54.681700507614224,0.4462990501143958,Non-antimicrobial,0.0,0.0
143,OG0000297,81.51846245530392,0.1184203485809915,Non-antimicrobial,0.0,1.0
144,OG0000298,58.78219981238274,0.9921800966961593,Antimicrobial,0.0,0.0
145,OG0000304,49.30813278008299,0.2917664529958466,Non-antimicrobial,0.0,0.0
146,OG0000306,68.8714657980456,0.9340415211948818,Antimicrobial,0.0,1.0
147,OG0000307,62.219709187045616,0.319541372859159,Non-antimicrobial,0.0,0.0
148,OG0000308,84.721125,0.0002133829367979,Non-antimicrobial,0.0,0.0
149,OG0000309,74.48683353971342,0.0009512540982441,Non-antimicrobial,1.0,0.0
150,OG0000096,69.01126068376068,0.2627866089756612,Non-antimicrobial,1.0,0.0
151,OG0000183,80.64246751542197,0.8267882286304951,Antimicrobial,1.0,0.0
152,OG0000090,89.57609182530796,0.8234890263398861,Antimicrobial,0.0,0.0
153,OG0000282,93.2634126394052,0.989551233753477,Antimicrobial,0.0,0.0
154,OG0000290,58.80712125617912,0.988235184670321,Antimicrobial,0.0,0.0
155,OG0000103,74.54097855964817,0.0178372129768346,Non-antimicrobial,0.0,1.0
156,OG0000324,76.02794425087109,0.1788806976740188,Non-antimicrobial,0.0,0.0
157,OG0000148,88.07057441919837,0.985232827763278,Antimicrobial,0.0,0.0
158,OG0000330,68.2429100678733,0.0218530702296294,Non-antimicrobial,0.0,1.0
159,OG0000117,83.10117258883248,0.5805469772778592,Antimicrobial,0.0,0.0
160,OG0000156,60.61391509433962,0.112867695713619,Non-antimicrobial,0.0,0.0
161,OG0000049,84.94667135621833,0.9821284297160736,Antimicrobial,0.0,0.0
162,OG0000091,81.14014690451206,0.9716535212659944,Antimicrobial,1.0,0.0
163,OG0000342,82.30188910849891,0.0,Non-antimicrobial,0.0,1.0
164,OG0000026,87.30044943820225,0.999421314701759,Antimicrobial,1.0,1.0
165,OG0000321,73.77327407923782,0.9999999624973004,Antimicrobial,0.0,1.0
166,OG0000048,91.65416982152514,0.0856579201006371,Non-antimicrobial,0.0,0.0
167,OG0000072,87.27805989583334,0.8842464593440827,Antimicrobial,1.0,0.0
168,OG0000138,87.92095090118086,0.7467946344236647,Antimicrobial,1.0,0.0
169,OG0000233,89.79353968253969,0.9086104538771844,Antimicrobial,1.0,0.0
170,OG0000335,85.2528415961306,0.6177195300491021,Antimicrobial,0.0,0.0
171,OG0000315,58.37916076487252,0.3437601082263373,Non-antimicrobial,0.0,1.0
172,OG0000056,86.84873007968127,0.8139837109544257,Antimicrobial,0.0,0.0
173,OG0000076,47.8581755829904,0.0045451139419106,Non-antimicrobial,0.0,0.0
174,OG0000105,82.96799114331722,0.9562667208574176,Antimicrobial,1.0,0.0
175,OG0000348,73.59881690140845,0.955624773491982,Antimicrobial,0.0,0.0
176,OG0000346,80.70877758913413,0.0201973005598387,Non-antimicrobial,0.0,0.0
177,OG0000042,89.38809275664408,0.9426216404131428,Antimicrobial,0.0,0.0
178,OG0000106,85.69464231814065,0.9916347416076282,Antimicrobial,1.0,0.0
179,OG0000143,89.04625166740774,0.9848348784147896,Antimicrobial,1.0,0.0
180,OG0000088,84.0927892813642,0.9847948279406394,Antimicrobial,0.0,0.0
181,OG0000222,65.80073298429319,0.0312334539217371,Non-antimicrobial,0.0,0.0
182,OG0000196,82.43983072916667,0.2830744674271017,Non-antimicrobial,1.0,0.0
183,OG0000331,62.66981757877281,0.0079406606273693,Non-antimicrobial,0.0,0.0
184,OG0000110,87.26013460703432,0.9870580947631722,Antimicrobial,1.0,0.0
185,OG0000161,88.47031249999999,0.9920255264891664,Antimicrobial,1.0,0.0
186,OG0000130,91.33527444565613,0.8735578474519146,Antimicrobial,0.0,0.0
187,OG0000199,88.07198503740649,0.3084554648268696,Non-antimicrobial,0.0,0.0
188,OG0000160,86.75597640891219,0.90301168840726,Antimicrobial,1.0,0.0
189,OG0000051,92.64106443914082,0.5207524072758455,Antimicrobial,1.0,0.0
190,OG0000363,89.93097784568373,0.7199286525321937,Antimicrobial,1.0,1.0
191,OG0000164,82.09980307396732,0.278483660248112,Non-antimicrobial,1.0,0.0
192,OG0000016,87.56252891052951,0.7906721959093441,Antimicrobial,0.0,1.0
193,OG0000041,50.54113074204947,0.9885511039331548,Antimicrobial,0.0,0.0
194,OG0000359,90.24515135135135,0.9506862212484664,Antimicrobial,0.0,1.0
195,OG0000175,88.80481578947368,0.9128214344217908,Antimicrobial,0.0,0.0
196,OG0000038,83.36884646628756,0.8712131533481646,Antimicrobial,0.0,0.0
197,OG0000270,81.83739551786796,0.2025924234414358,Non-antimicrobial,0.0,1.0
198,OG0000188,81.19639429312582,0.553864223672178,Antimicrobial,0.0,0.0
199,OG0000129,85.8543075731164,0.9909587903162614,Antimicrobial,0.0,0.0
200,OG0000364,88.46350907029479,0.276740807569178,Non-antimicrobial,0.0,1.0
201,OG0000151,85.73716069271043,0.308893082901527,Non-antimicrobial,0.0,0.0
202,OG0000116,85.30122965641954,0.6023533552482304,Antimicrobial,1.0,0.0
203,OG0000334,69.06616198616199,0.7813303944105301,Antimicrobial,0.0,0.0
204,OG0000025,83.79894736842107,0.951717718069038,Antimicrobial,1.0,0.0
205,OG0000362,76.48673972602741,0.5101736018943005,Antimicrobial,0.0,1.0
206,OG0000121,81.59896653336139,0.8289878065951202,Antimicrobial,0.0,0.0
207,OG0000123,82.8134004796163,0.1963687744523605,Non-antimicrobial,0.0,1.0
208,OG0000361,81.49741459299874,0.5400350052593503,Antimicrobial,0.0,0.0
209,OG0000353,77.1792615704628,0.534773062946018,Antimicrobial,0.0,0.0
210,OG0000354,84.49584430131617,0.6406162580129415,Antimicrobial,1.0,0.0
211,OG0000344,88.26581129807694,0.0565943017599201,Non-antimicrobial,0.0,1.0
212,OG0000355,82.98068950177935,0.9650072828584924,Antimicrobial,0.0,0.0
213,OG0000191,88.64197733711048,0.8905267469228079,Antimicrobial,1.0,0.0
214,OG0000104,90.03660053619303,0.7710000636680288,Antimicrobial,1.0,0.0
215,OG0000147,91.74269623059868,0.9968997900893928,Antimicrobial,1.0,0.0
216,OG0000165,86.28002616659398,0.9837067843244152,Antimicrobial,1.0,0.0
217,OG0000145,85.86928339722796,0.6718023303163383,Antimicrobial,0.0,1.0
218,OG0000084,90.54357517482518,0.8523730034731215,Antimicrobial,0.0,0.0
219,OG0000111,79.32661383285304,0.774671833724206,Antimicrobial,1.0,0.0
220,OG0000296,62.58540011855365,0.9177729699908138,Antimicrobial,0.0,0.0
221,OG0000201,64.30492809204219,0.3086274413935572,Non-antimicrobial,0.0,0.0
222,OG0000157,80.1535269121813,0.6957772839124586,Antimicrobial,1.0,0.0
223,OG0000062,77.0584371159361,0.190755014939766,Non-antimicrobial,1.0,0.0
224,OG0000092,86.53519667590027,0.6565799041857272,Antimicrobial,1.0,1.0
225,OG0000350,92.6044041041831,0.3248104565400336,Non-antimicrobial,0.0,0.0
226,OG0000378,40.37259308072488,0.9999775171070556,Antimicrobial,0.0,0.0
227,OG0000356,50.806514450867056,0.9902965626827752,Antimicrobial,0.0,1.0
228,OG0000373,67.29728528269314,0.0537026078435082,Non-antimicrobial,0.0,1.0
229,OG0000060,84.2689838445329,0.8491710938529957,Antimicrobial,0.0,0.0
230,OG0000372,85.84490445859873,0.3380199262067574,Non-antimicrobial,0.0,0.0
231,OG0000176,84.45654311649017,0.6770439415451381,Antimicrobial,1.0,0.0
232,OG0000055,89.60657494145197,0.6016744202704238,Antimicrobial,1.0,0.0
233,OG0000300,82.33176939426143,0.4311468842584121,Non-antimicrobial,0.0,0.0
234,OG0000381,79.94101128880527,0.8536800116068525,Antimicrobial,0.0,1.0
235,OG0000087,43.50068597560976,0.471458109316001,Non-antimicrobial,0.0,0.0
236,OG0000174,88.65263101026471,0.017559003627093,Non-antimicrobial,1.0,1.0
237,OG0000132,81.35193985849055,0.9990729148742968,Antimicrobial,0.0,0.0
238,OG0000388,75.95715353007098,0.3560360367110347,Non-antimicrobial,0.0,1.0
239,OG0000382,64.42397962432347,0.999977079441119,Antimicrobial,1.0,0.0
240,OG0000200,87.13777485764345,0.2650331775444074,Non-antimicrobial,0.0,0.0
241,OG0000083,79.04835994194485,0.5935404358374282,Antimicrobial,0.0,0.0
242,OG0000236,91.25775584415584,0.9702915935931312,Antimicrobial,0.0,0.0
243,OG0000379,52.85085637541476,0.9997938550312604,Antimicrobial,0.0,1.0
244,OG0000149,80.15621725383922,0.872508635281176,Antimicrobial,1.0,0.0
245,OG0000139,88.91330920788099,0.979317672552204,Antimicrobial,1.0,0.0
246,OG0000401,66.00879224376732,0.0954125721332588,Non-antimicrobial,0.0,1.0
247,OG0000278,89.06192138133724,0.8841028442907183,Antimicrobial,0.0,0.0
248,OG0000242,86.45800995024878,0.0870047066989545,Non-antimicrobial,0.0,0.0
249,OG0000095,78.475554796859,0.571291978580301,Antimicrobial,1.0,0.0
250,OG0000115,78.11828519855595,0.1600626981677765,Non-antimicrobial,0.0,0.0
251,OG0000226,79.87485039370078,0.9859831542850704,Antimicrobial,1.0,0.0
252,OG0000137,74.67143953934742,0.3063822401385006,Non-antimicrobial,0.0,0.0
253,OG0000221,88.37041255605382,0.9807868005888188,Antimicrobial,0.0,0.0
254,OG0000186,72.32200361944157,0.9491563595211218,Antimicrobial,1.0,0.0
255,OG0000322,83.90762782401903,0.1666545081996355,Non-antimicrobial,0.0,0.0
256,OG0000327,43.61221757322176,0.0895744309673795,Non-antimicrobial,0.0,0.0
257,OG0000387,75.46914093206063,0.9670232231083152,Antimicrobial,0.0,0.0
258,OG0000068,91.37780779621768,0.9027804090304596,Antimicrobial,1.0,0.0
259,OG0000380,54.51050704225353,0.0034487498435834,Non-antimicrobial,0.0,0.0
260,OG0000402,86.37948076923077,0.626211619912224,Antimicrobial,0.0,0.0
261,OG0000140,87.40710321864596,0.8674021538029142,Antimicrobial,0.0,0.0
262,OG0000071,29.224685802948017,0.1669633661737711,Non-antimicrobial,0.0,0.0
263,OG0000197,90.84948059360732,0.0964821953167729,Non-antimicrobial,0.0,0.0
264,OG0000413,86.41163194444445,0.4566841002285962,Non-antimicrobial,0.0,0.0
265,OG0000238,82.83685690128937,0.754514292957033,Antimicrobial,0.0,0.0
266,OG0000383,62.496,0.993652907466643,Antimicrobial,0.0,0.0
267,OG0000154,81.47127150336574,0.9992690536091092,Antimicrobial,1.0,0.0
268,OG0000107,87.7992397521449,0.4766772382339967,Non-antimicrobial,0.0,1.0
269,OG0000399,87.28519182389938,0.9451063650844151,Antimicrobial,0.0,0.0
270,OG0000173,80.02108737864077,0.3251178106727358,Non-antimicrobial,0.0,0.0
271,OG0000411,73.68934439389885,0.9458550833196434,Antimicrobial,0.0,0.0
272,OG0000182,82.52645047429958,0.5802282393620456,Antimicrobial,1.0,0.0
273,OG0000408,80.09555471698113,0.0431754638058886,Non-antimicrobial,0.0,1.0
274,OG0000416,58.30443542435424,0.951033701656452,Antimicrobial,0.0,0.0
275,OG0000255,90.06406798866853,0.9847985754468483,Antimicrobial,1.0,0.0
276,OG0000418,57.575693186049406,0.0,Non-antimicrobial,1.0,0.0
277,OG0000124,88.47257336956523,0.5099604601997016,Antimicrobial,1.0,0.0
278,OG0000319,87.08279054916986,0.2972372932623361,Non-antimicrobial,0.0,0.0
279,OG0000209,85.6189323583181,0.6142422098111832,Antimicrobial,0.0,0.0
280,OG0000407,78.35880277617119,0.8775440092363966,Antimicrobial,1.0,0.0
281,OG0000227,92.97792899408284,0.8431905886094239,Antimicrobial,1.0,0.0
282,OG0000162,88.07015924506047,0.8942993633328312,Antimicrobial,0.0,0.0
283,OG0000441,49.73722250125565,0.9999952808898644,Antimicrobial,0.0,1.0
284,OG0000337,79.28851990767456,0.9921290754584156,Antimicrobial,1.0,0.0
285,OG0000343,65.21631793478261,0.2438551645005921,Non-antimicrobial,0.0,1.0
286,OG0000410,56.91204836936606,0.0150913415128257,Non-antimicrobial,0.0,1.0
287,OG0000211,47.26525939732837,0.0675602557490851,Non-antimicrobial,0.0,1.0
288,OG0000445,79.04756453082295,0.0858430957089324,Non-antimicrobial,0.0,1.0
289,OG0000427,74.23319630872483,0.938941583340584,Antimicrobial,0.0,0.0
290,OG0000289,65.3544531897266,0.9666604214349948,Antimicrobial,1.0,0.0
291,OG0000432,79.04241176470589,0.9510074753307636,Antimicrobial,0.0,0.0
292,OG0000243,88.30085910652922,0.0720039122938606,Non-antimicrobial,1.0,0.0
293,OG0000169,70.65951595744681,0.0313640917459718,Non-antimicrobial,0.0,1.0
294,OG0000241,84.56349893541518,0.4102356567063818,Non-antimicrobial,0.0,0.0
295,OG0000223,73.39176737756715,0.9015049496079472,Antimicrobial,0.0,0.0
296,OG0000119,86.74566445182724,0.0376936309761889,Non-antimicrobial,0.0,0.0
297,OG0000371,79.05497105304335,0.0,Non-antimicrobial,1.0,0.0
298,OG0000099,91.3027299412916,0.99932823299836,Antimicrobial,1.0,0.0
299,OG0000339,82.41965864577504,0.956164895335615,Antimicrobial,1.0,0.0
300,OG0000437,79.71701116163705,0.763351864409303,Antimicrobial,1.0,0.0
301,OG0000283,55.11101923076924,0.4126888316928402,Non-antimicrobial,0.0,0.0
302,OG0000189,53.09493055555556,0.0031426119890011,Non-antimicrobial,0.0,0.0
303,OG0000312,69.346586270872,0.9986958998099812,Antimicrobial,0.0,0.0
304,OG0000358,77.73638036809817,0.2835248138591911,Non-antimicrobial,0.0,1.0
305,OG0000166,80.89672330097088,0.6583754817027972,Antimicrobial,0.0,0.0
306,OG0000311,38.91312859884837,0.0101090841041065,Non-antimicrobial,0.0,0.0
307,OG0000440,75.82971830985915,0.2187853085822315,Non-antimicrobial,1.0,0.0
308,OG0000194,84.63215587044535,0.2859814897080423,Non-antimicrobial,0.0,0.0
309,OG0000450,70.79231315959508,0.9992854726769234,Antimicrobial,1.0,0.0
310,OG0000325,77.09730017761989,0.9939658311266714,Antimicrobial,0.0,0.0
311,OG0000097,70.87844696969697,0.0534221421857346,Non-antimicrobial,0.0,0.0
312,OG0000207,58.14381118881119,0.105966472594408,Non-antimicrobial,0.0,0.0
313,OG0000246,83.42546973803071,0.1915397759642447,Non-antimicrobial,0.0,0.0
314,OG0000295,80.72684567169235,0.9998151390845,Antimicrobial,1.0,0.0
315,OG0000109,88.76215323645972,0.9932295444226072,Antimicrobial,0.0,0.0
316,OG0000438,71.21993247694334,0.9997869944044474,Antimicrobial,0.0,0.0
317,OG0000273,75.64166498993964,0.9916799294612978,Antimicrobial,0.0,0.0
318,OG0000323,80.5635394932936,0.0089420423339936,Non-antimicrobial,0.0,1.0
319,OG0000464,36.83326141078838,0.6899067067618984,Antimicrobial,0.0,0.0
320,OG0000352,84.31678412462908,0.0471720986242375,Non-antimicrobial,0.0,0.0
321,OG0000395,82.69919280930561,0.5622676018782866,Antimicrobial,1.0,0.0
322,OG0000456,75.03833109739736,0.9977960797153316,Antimicrobial,0.0,0.0
323,OG0000301,85.96610357583229,0.9933486891600436,Antimicrobial,1.0,0.0
324,OG0000305,78.2143254352031,0.9968469654716254,Antimicrobial,0.0,0.0
325,OG0000127,69.63296380090497,0.0415557695922648,Non-antimicrobial,0.0,0.0
326,OG0000216,72.19386278964107,0.0,Non-antimicrobial,0.0,0.0
327,OG0000317,81.97202968588195,0.743644015647167,Antimicrobial,0.0,0.0
328,OG0000467,69.1085,0.2982521520688902,Non-antimicrobial,0.0,0.0
329,OG0000415,84.61354178842781,0.7049644992776365,Antimicrobial,0.0,1.0
330,OG0000265,91.13820890290924,0.5227506577143717,Antimicrobial,1.0,0.0
331,OG0000484,56.18562391178177,0.0562749423893519,Non-antimicrobial,0.0,0.0
332,OG0000203,75.74851133651552,0.9978116137935976,Antimicrobial,0.0,0.0
333,OG0000471,45.77628730822873,0.0,Non-antimicrobial,0.0,1.0
334,OG0000376,49.63615694164989,0.7833361466523288,Antimicrobial,0.0,0.0
335,OG0000217,46.62475524475524,0.3729634000533321,Non-antimicrobial,0.0,0.0
336,OG0000431,85.17356447688564,0.9911572386862224,Antimicrobial,0.0,0.0
337,OG0000495,83.76477379095164,0.9562744913673206,Antimicrobial,0.0,0.0
338,OG0000370,84.5119338092148,0.0005779434858715,Non-antimicrobial,0.0,0.0
339,OG0000426,76.09407731958764,0.000853265821551,Non-antimicrobial,0.0,1.0
340,OG0000163,78.26118829268292,0.9752977911739072,Antimicrobial,1.0,0.0
341,OG0000458,87.38428272689252,0.9947178984169964,Antimicrobial,0.0,0.0
342,OG0000336,82.68526395173454,0.7478483553048227,Antimicrobial,0.0,0.0
343,OG0000493,40.54204855023601,0.0,Non-antimicrobial,0.0,1.0
344,OG0000268,81.02531310211945,0.9998359897515688,Antimicrobial,1.0,0.0
345,OG0000479,84.80410400390625,0.9584335508658108,Antimicrobial,1.0,0.0
346,OG0000423,74.73840772818122,0.9720999359238264,Antimicrobial,0.0,0.0
347,OG0000280,87.51461538461538,0.7300328166964001,Antimicrobial,0.0,0.0
348,OG0000228,86.47970588235295,0.9999691190587866,Antimicrobial,0.0,0.0
349,OG0000326,85.84643872113678,0.952417549794592,Antimicrobial,1.0,0.0
350,OG0000393,64.9181016882607,0.9999967521063996,Antimicrobial,1.0,0.0
351,OG0000489,66.25748225856218,0.9077094461357826,Antimicrobial,0.0,0.0
352,OG0000443,64.94300589390963,0.810933598153508,Antimicrobial,0.0,0.0
353,OG0000292,90.56768219383922,0.9821112786295372,Antimicrobial,1.0,0.0
354,OG0000288,80.20851731952088,0.999986318889344,Antimicrobial,1.0,0.0
355,OG0000167,75.10783970276007,0.4024383966484814,Non-antimicrobial,0.0,1.0
356,OG0000108,67.53171800947868,0.525261308754105,Antimicrobial,0.0,0.0
357,OG0000098,80.66064315352698,0.9857530209033428,Antimicrobial,0.0,0.0
358,OG0000069,74.84277392510403,0.1061215299407816,Non-antimicrobial,0.0,0.0
359,OG0000171,63.35225375626043,0.8943677063315743,Antimicrobial,0.0,1.0
360,OG0000505,41.76639567936327,0.5801310238042391,Antimicrobial,0.0,0.0
361,OG0000249,75.52433788504287,0.9747550805498656,Antimicrobial,0.0,0.0
362,OG0000397,83.73820624790058,0.9315954639731988,Antimicrobial,1.0,0.0
363,OG0000498,57.560041602465326,0.9999999993273518,Antimicrobial,1.0,0.0
364,OG0000146,81.70096663548487,0.5470718259471183,Antimicrobial,0.0,0.0
365,OG0000193,87.58087301587301,0.9577859859515157,Antimicrobial,0.0,0.0
366,OG0000340,85.43666431842199,0.9979840664176114,Antimicrobial,1.0,0.0
367,OG0000261,55.75911864406779,0.0020810900274244,Non-antimicrobial,0.0,0.0
368,OG0000263,66.81172274562584,0.9963205763842858,Antimicrobial,0.0,0.0
369,OG0000444,70.3049427381572,0.9999449633247152,Antimicrobial,0.0,1.0
370,OG0000254,84.95532740879327,0.9971188906773708,Antimicrobial,0.0,0.0
371,OG0000310,65.46436619718308,0.975602134703433,Antimicrobial,0.0,0.0
372,OG0000351,61.48959479015919,0.4494614569937716,Non-antimicrobial,0.0,0.0
373,OG0000341,80.75609576427256,0.1719063047755157,Non-antimicrobial,0.0,0.0
374,OG0000508,67.75462094907408,0.4235884452291271,Non-antimicrobial,0.0,1.0
375,OG0000384,44.47780410742496,5.923948891286632e-05,Non-antimicrobial,0.0,0.0
376,OG0000451,58.23162081613939,0.9840621240493864,Antimicrobial,0.0,1.0
377,OG0000492,77.94527360585084,0.9999342350884384,Antimicrobial,1.0,0.0
378,OG0000394,79.08792379993285,0.9977632272874256,Antimicrobial,1.0,0.0
379,OG0000488,72.93290950373013,0.8745676507878707,Antimicrobial,1.0,0.0
380,OG0000472,73.20722826086957,0.0736394590108075,Non-antimicrobial,0.0,0.0
381,OG0000274,86.85104790419162,0.4993239342578883,Antimicrobial,0.0,0.0
382,OG0000313,89.81465796019903,0.9481951095589616,Antimicrobial,1.0,0.0
383,OG0000518,70.92276096565794,0.9999217170710862,Antimicrobial,0.0,0.0
384,OG0000187,58.21549738219896,0.1162202381746642,Non-antimicrobial,0.0,0.0
385,OG0000424,68.02904564315352,0.8401247625452093,Antimicrobial,0.0,0.0
386,OG0000466,76.89962385321101,0.7384617340038139,Antimicrobial,0.0,0.0
387,OG0000347,69.91497375328083,0.4731076034049652,Non-antimicrobial,0.0,0.0
388,OG0000528,71.1300142490738,0.9569981947276088,Antimicrobial,1.0,0.0
389,OG0000392,88.63083015267176,0.1889846249986277,Non-antimicrobial,1.0,0.0
390,OG0000212,51.52938421509106,0.1822916781088943,Non-antimicrobial,0.0,0.0
391,OG0000530,40.27930811808118,0.8458667790463154,Antimicrobial,0.0,0.0
392,OG0000499,74.64464849624059,0.9840877913060246,Antimicrobial,1.0,0.0
393,OG0000272,49.68003968253968,0.8338482762014863,Antimicrobial,0.0,0.0
394,OG0000522,58.1158595781566,0.995734274644474,Antimicrobial,1.0,0.0
395,OG0000366,44.29328467153285,0.0028577326982157,Non-antimicrobial,0.0,0.0
396,OG0000345,71.04540032154341,0.9994734942235268,Antimicrobial,0.0,0.0
397,OG0000390,71.65260347129507,0.8391559260577905,Antimicrobial,0.0,0.0
398,OG0000454,64.98226628895183,0.2110041250855351,Non-antimicrobial,0.0,1.0
399,OG0000477,79.15701810436634,0.4389339944504398,Non-antimicrobial,0.0,0.0
400,OG0000159,86.8091898527005,0.4822086978169589,Non-antimicrobial,1.0,0.0
401,OG0000429,83.32033410672854,0.3667098415242897,Non-antimicrobial,0.0,0.0
402,OG0000457,82.9104355954384,0.9853954870843896,Antimicrobial,0.0,0.0
403,OG0000476,78.53048510313216,0.9794818649610652,Antimicrobial,0.0,0.0
404,OG0000414,82.5066528458349,0.9636426723235184,Antimicrobial,0.0,0.0
405,OG0000389,85.39487305487306,0.4393109490262915,Non-antimicrobial,0.0,0.0
406,OG0000516,81.73436507936509,0.7221817327872762,Antimicrobial,0.0,0.0
407,OG0000460,84.38554364471669,0.7375438108411762,Antimicrobial,0.0,0.0
408,OG0000365,90.850922829582,0.8935823464760847,Antimicrobial,0.0,0.0
409,OG0000172,88.30769804287046,0.9911247335851237,Antimicrobial,0.0,0.0
410,OG0000459,84.56426099495314,0.1022235937654472,Non-antimicrobial,0.0,1.0
411,OG0000490,80.55959589041096,0.8708533864347674,Antimicrobial,0.0,0.0
412,OG0000544,65.09711527208894,0.1870034468628194,Non-antimicrobial,0.0,0.0
413,OG0000276,86.47888227513229,0.9607071645714432,Antimicrobial,0.0,0.0
414,OG0000546,53.18598892803221,0.7922245566896159,Antimicrobial,0.0,0.0
415,OG0000430,87.83739203589457,0.1598084460895856,Non-antimicrobial,0.0,0.0
416,OG0000404,78.33059038662486,0.0073632838802234,Non-antimicrobial,0.0,1.0
417,OG0000386,80.86980852211435,0.8675289327516145,Antimicrobial,0.0,0.0
418,OG0000398,70.02086544161233,0.870253777147223,Antimicrobial,0.0,0.0
419,OG0000206,85.58270279844137,0.9888270021119432,Antimicrobial,0.0,0.0
420,OG0000314,82.22548172757477,0.7394538349550424,Antimicrobial,0.0,0.0
421,OG0000449,84.0836352148273,0.7347454913218057,Antimicrobial,1.0,0.0
422,OG0000253,48.50387234042553,0.0584251355259058,Non-antimicrobial,0.0,0.0
423,OG0000419,66.46252158894646,0.981528147228675,Antimicrobial,0.0,0.0
424,OG0000496,54.34249574829932,0.9994655343729576,Antimicrobial,0.0,0.0
425,OG0000328,82.54540829414279,0.0037030284743928,Non-antimicrobial,1.0,0.0
426,OG0000509,51.67884146341464,0.7755466464903857,Antimicrobial,0.0,0.0
427,OG0000150,48.953468634686345,0.0027419933932098,Non-antimicrobial,0.0,0.0
428,OG0000375,92.8628476821192,0.957308411283263,Antimicrobial,0.0,0.0
429,OG0000446,84.68194764397906,0.2032284155565053,Non-antimicrobial,0.0,0.0
430,OG0000400,82.32170384615384,0.9139846536981084,Antimicrobial,0.0,0.0
431,OG0000442,79.42137468139337,0.9978448101628472,Antimicrobial,1.0,0.0
432,OG0000453,79.7663728191001,0.8307594986834071,Antimicrobial,0.0,0.0
433,OG0000538,58.66749859786877,0.799217851405279,Antimicrobial,1.0,0.0
434,OG0000506,81.42838681886711,0.8183771288561307,Antimicrobial,1.0,0.0
435,OG0000540,45.37335339854527,0.0,Non-antimicrobial,0.0,0.0
436,OG0000448,34.08157076205288,0.4229421595699844,Non-antimicrobial,0.0,0.0
437,OG0000447,,,,1.0,1.0
438,OG0000543,83.68050043898155,0.7496591542982531,Antimicrobial,0.0,0.0
439,OG0000420,85.6201079525009,0.6356695121870484,Antimicrobial,1.0,0.0
440,OG0000357,70.01301745635911,0.8726478580391074,Antimicrobial,0.0,0.0
441,OG0000551,80.1961049445005,0.9092214716277256,Antimicrobial,1.0,0.0
442,OG0000204,62.76931105047749,0.9233100649016072,Antimicrobial,0.0,0.0
443,OG0000320,86.0547697368421,0.7088365770935731,Antimicrobial,0.0,0.0
444,OG0000578,84.62991421111525,0.7864171953137938,Antimicrobial,0.0,0.0
445,OG0000556,55.13038548752834,0.1176719241641413,Non-antimicrobial,0.0,0.0
446,OG0000478,75.20324266284895,0.9196389144506542,Antimicrobial,0.0,0.0
447,OG0000333,65.85451142440448,0.8015415509583209,Antimicrobial,1.0,0.0
448,OG0000465,80.84722779635824,0.906000165924444,Antimicrobial,1.0,0.0
449,OG0000302,85.72466692189893,0.3625802281361696,Non-antimicrobial,0.0,0.0
450,OG0000463,78.53622140050842,0.9091588643565742,Antimicrobial,0.0,0.0
451,OG0000267,29.09670028818444,0.9998941372099452,Antimicrobial,0.0,0.0
452,OG0000218,51.09979032258065,0.0278211846828416,Non-antimicrobial,0.0,1.0
453,OG0000421,34.801628318584065,0.2289004522208971,Non-antimicrobial,0.0,0.0
454,OG0000549,87.48485418016851,0.967343171508508,Antimicrobial,1.0,0.0
455,OG0000316,85.5889470517449,0.2681155691855819,Non-antimicrobial,0.0,0.0
456,OG0000244,84.73202255639099,0.8820373854473487,Antimicrobial,1.0,0.0
457,OG0000269,35.138500407497965,0.0520478199627035,Non-antimicrobial,0.0,0.0
458,OG0000486,26.91135350318472,0.9419929524473728,Antimicrobial,0.0,0.0
459,OG0000575,63.87069498069498,0.0028126811960703,Non-antimicrobial,0.0,0.0
460,OG0000592,83.10041380556558,0.9998225900743916,Antimicrobial,0.0,0.0
461,OG0000553,67.0369907063197,0.0174460321898023,Non-antimicrobial,0.0,1.0
462,OG0000587,66.30846235795455,0.7565982489867557,Antimicrobial,0.0,1.0
463,OG0000548,62.675676826153584,0.940016184829646,Antimicrobial,1.0,0.0
464,OG0000482,50.31699106256207,0.5555227011923165,Antimicrobial,0.0,0.0
465,OG0000434,59.57833732630571,0.0012162115494734,Non-antimicrobial,0.0,0.0
466,OG0000396,57.96363636363636,0.005306145022992,Non-antimicrobial,0.0,0.0
467,OG0000338,84.85505543237251,0.7140997200720111,Antimicrobial,0.0,0.0
468,OG0000605,75.27635135135135,0.1594705122951396,Non-antimicrobial,0.0,0.0
469,OG0000561,76.429816292727,0.7510192681276741,Antimicrobial,1.0,0.0
470,OG0000497,30.357037470726,0.0003415454745192,Non-antimicrobial,0.0,0.0
471,OG0000524,77.3405461731944,0.977704221850119,Antimicrobial,1.0,0.0
472,OG0000599,86.57684709821429,0.7579465671317382,Antimicrobial,1.0,0.0
473,OG0000040,71.7696649916248,0.9164697123067302,Antimicrobial,0.0,0.0
474,OG0000539,88.17533634311512,0.243748269166431,Non-antimicrobial,0.0,0.0
475,OG0000368,72.32572072072072,0.8911136370431396,Antimicrobial,0.0,0.0
476,OG0000582,72.12878276062901,0.9954509176729796,Antimicrobial,0.0,0.0
477,OG0000593,86.65675972675973,0.0099660751095808,Non-antimicrobial,0.0,0.0
478,OG0000559,76.6017745302714,0.9396875789709904,Antimicrobial,0.0,0.0
479,OG0000616,74.52043465577596,0.0023967602256171,Non-antimicrobial,0.0,0.0
480,OG0000409,63.54581056466301,0.5715462546948987,Antimicrobial,0.0,0.0
481,OG0000590,65.82407662082515,0.9929468464109256,Antimicrobial,0.0,1.0
482,OG0000360,80.63734067207416,0.953169760515601,Antimicrobial,0.0,0.0
483,OG0000533,87.52150416462517,0.1585744723282463,Non-antimicrobial,0.0,0.0
484,OG0000526,74.65650758001122,0.6529473440000134,Antimicrobial,0.0,0.0
485,OG0000585,79.304976,0.9517120962127578,Antimicrobial,1.0,0.0
486,OG0000570,78.42820182627018,0.9545440824189432,Antimicrobial,1.0,0.0
487,OG0000600,88.4574204355109,0.167717002904699,Non-antimicrobial,0.0,0.0
488,OG0000332,82.36221896383186,0.5854165940349737,Antimicrobial,1.0,0.0
489,OG0000425,68.50470814132105,0.0039566817447244,Non-antimicrobial,0.0,0.0
490,OG0000604,71.78836225596528,0.9960346836975568,Antimicrobial,0.0,0.0
491,OG0000475,78.00549815498155,0.928127826329612,Antimicrobial,0.0,1.0
492,OG0000470,72.57392684610076,0.9969812684125698,Antimicrobial,0.0,0.0
493,OG0000504,76.50965356169715,0.6994877923370595,Antimicrobial,0.0,0.0
494,OG0000271,32.345156794425094,0.0026421526314062,Non-antimicrobial,0.0,0.0
495,OG0000623,63.0060249150623,0.8510179229372794,Antimicrobial,0.0,0.0
496,OG0000586,75.38631237848348,0.9732399861187832,Antimicrobial,1.0,0.0
497,OG0000588,77.41044303797469,0.9339408983011368,Antimicrobial,0.0,0.0
498,OG0000433,81.16871028477289,0.9877109036009868,Antimicrobial,0.0,0.0
499,OG0000377,78.92163912218912,0.9443470872499232,Antimicrobial,0.0,0.0
500,OG0000525,69.2800726942299,0.479472363401754,Non-antimicrobial,0.0,0.0
501,OG0000631,58.0620521945433,0.9872772021609774,Antimicrobial,0.0,0.0
502,OG0000646,47.92915637860082,0.1081252479441764,Non-antimicrobial,0.0,1.0
503,OG0000519,39.269836289222376,0.304376425151768,Non-antimicrobial,0.0,0.0
504,OG0000439,80.62196658097686,0.9740046274401806,Antimicrobial,0.0,0.0
505,OG0000633,86.18356234096692,0.0119442949933401,Non-antimicrobial,1.0,0.0
506,OG0000614,66.97203155183516,0.9895205880017294,Antimicrobial,0.0,0.0
507,OG0000329,42.54390547263682,0.0666677179135764,Non-antimicrobial,0.0,0.0
508,OG0000552,79.14658278524449,0.1884466874245561,Non-antimicrobial,0.0,0.0
509,OG0000545,74.16091583584513,0.9063039528497864,Antimicrobial,1.0,0.0
510,OG0000513,85.58576600441502,0.8880353876401405,Antimicrobial,1.0,0.0
511,OG0000644,52.01368882019578,0.143601498204919,Non-antimicrobial,0.0,1.0
512,OG0000634,74.85669651741293,0.4058135279282961,Non-antimicrobial,1.0,1.0
513,OG0000286,88.87064139941691,0.7151347613123765,Antimicrobial,0.0,0.0
514,OG0000596,72.29036221243271,0.7182705478836526,Antimicrobial,0.0,1.0
515,OG0000537,83.60755247242975,0.5119844495148688,Antimicrobial,0.0,0.0
516,OG0000632,63.5908442056792,0.5566171361119744,Antimicrobial,0.0,0.0
517,OG0000621,83.89160694896852,0.9663688219150676,Antimicrobial,0.0,0.0
518,OG0000589,81.9543469656992,0.9916421002579798,Antimicrobial,0.0,0.0
519,OG0000547,86.96734609841467,0.4200894534042902,Non-antimicrobial,0.0,0.0
520,OG0000603,93.03200457815564,0.9431002781728944,Antimicrobial,0.0,0.0
521,OG0000527,81.2396872828353,0.6559824892037966,Antimicrobial,1.0,0.0
522,OG0000664,55.36076655052264,0.0676908123809393,Non-antimicrobial,0.0,0.0
523,OG0000569,88.28397149245389,0.4472042245651134,Non-antimicrobial,1.0,0.0
524,OG0000612,84.56266282676118,0.0383178542805038,Non-antimicrobial,1.0,0.0
525,OG0000656,87.40079416531604,0.8091347381407188,Antimicrobial,1.0,0.0
526,OG0000299,74.26913223140495,0.9714154472577152,Antimicrobial,0.0,0.0
527,OG0000406,90.00639539204757,0.8068558970557671,Antimicrobial,1.0,0.0
528,OG0000515,57.53995652173914,0.12126882638874,Non-antimicrobial,0.0,0.0
529,OG0000436,67.48602760164118,0.0168682489249218,Non-antimicrobial,0.0,1.0
530,OG0000469,81.37709031198686,0.2193444702236286,Non-antimicrobial,0.0,0.0
531,OG0000473,70.1807908992416,0.9594904875000748,Antimicrobial,0.0,0.0
532,OG0000491,33.06032558139535,0.4744637979120069,Non-antimicrobial,0.0,0.0
533,OG0000669,69.21547440273038,0.09319212502402,Non-antimicrobial,0.0,0.0
534,OG0000613,44.66824034334764,0.0156626239557901,Non-antimicrobial,0.0,1.0
535,OG0000369,83.18025044722718,0.9989228952638824,Antimicrobial,0.0,0.0
536,OG0000391,82.41587314662273,0.7742305300293025,Antimicrobial,0.0,0.0
537,OG0000417,64.97101847679134,0.9923587298935808,Antimicrobial,0.0,1.0
538,OG0000642,63.43750262329485,0.8874056399492442,Antimicrobial,0.0,0.0
539,OG0000574,72.0361887477314,0.7379254820222179,Antimicrobial,0.0,0.0
540,OG0000554,64.88968181818181,0.0933296219098749,Non-antimicrobial,0.0,0.0
541,OG0000665,72.28191720569211,0.8977198847723276,Antimicrobial,0.0,0.0
542,OG0000654,84.7447943402435,0.0024600877437672,Non-antimicrobial,0.0,1.0
543,OG0000529,80.79007338225485,0.3262583603230393,Non-antimicrobial,0.0,0.0
544,OG0000536,86.8433867241645,0.5203745321490423,Antimicrobial,1.0,0.0
545,OG0000581,80.04157098984172,0.9641052477615512,Antimicrobial,0.0,0.0
546,OG0000679,50.52335209003216,0.0137125962242501,Non-antimicrobial,0.0,0.0
547,OG0000500,80.89461077844311,0.7330756198825116,Antimicrobial,0.0,0.0
548,OG0000468,88.48446531430004,0.8299926616524872,Antimicrobial,0.0,0.0
549,OG0000673,48.33750988142293,0.0582698358996666,Non-antimicrobial,0.0,0.0
550,OG0000558,85.90169476486246,0.9917027849867546,Antimicrobial,0.0,0.0
551,OG0000422,85.39968478260869,0.3588774061725181,Non-antimicrobial,0.0,0.0
552,OG0000452,85.23236111111112,0.976353237861362,Antimicrobial,0.0,0.0
553,OG0000672,70.5903912601626,4.2080342118712026e-05,Non-antimicrobial,0.0,1.0
554,OG0000181,83.45900905700586,0.995106484320773,Antimicrobial,0.0,0.0
555,OG0000428,77.65867143746112,0.9980412062830606,Antimicrobial,1.0,0.0
556,OG0000682,50.32967195767196,0.0392159309645031,Non-antimicrobial,0.0,0.0
557,OG0000566,68.86364238410597,0.9542535638294996,Antimicrobial,0.0,0.0
558,OG0000532,87.77863829787233,0.8263611691005095,Antimicrobial,0.0,0.0
559,OG0000684,,,,1.0,0.0
560,OG0000635,52.23015017486114,0.0220294767507684,Non-antimicrobial,0.0,0.0
561,OG0000630,48.08835027180336,0.7651907429979762,Antimicrobial,0.0,1.0
562,OG0000659,83.90850092535472,0.0078260308401353,Non-antimicrobial,1.0,0.0
563,OG0000607,78.01589738175676,0.8693124102259914,Antimicrobial,0.0,0.0
564,OG0000668,73.95829295774648,0.7982859911060334,Antimicrobial,0.0,1.0
565,OG0000494,73.19963257199602,0.7792941813947153,Antimicrobial,0.0,0.0
566,OG0000483,82.80597285067873,0.2481898743747911,Non-antimicrobial,0.0,1.0
567,OG0000557,78.79731822474032,0.2805769202764017,Non-antimicrobial,0.0,0.0
568,OG0000520,71.30840336134453,0.3267725336198596,Non-antimicrobial,0.0,0.0
569,OG0000689,49.79352322524101,0.5780912026046093,Antimicrobial,0.0,0.0
570,OG0000598,28.683887850467293,0.9844090462668672,Antimicrobial,0.0,0.0
571,OG0000594,75.16008701705535,0.2473071494824231,Non-antimicrobial,0.0,0.0
572,OG0000675,88.61828338667443,0.9959261415213896,Antimicrobial,1.0,0.0
573,OG0000694,80.35125687685147,0.973974727189311,Antimicrobial,0.0,0.0
574,OG0000677,81.17335074626865,0.9926809993008464,Antimicrobial,0.0,0.0
575,OG0000615,62.4224759005581,0.8532133517515411,Antimicrobial,0.0,0.0
576,OG0000626,28.31739795918368,0.4664481453346932,Non-antimicrobial,0.0,0.0
577,OG0000502,53.41126463700234,0.014803818700623,Non-antimicrobial,0.0,1.0
578,OG0000702,66.04450735442273,0.9854954675446832,Antimicrobial,0.0,0.0
579,OG0000698,84.77514539007092,0.9822984459896692,Antimicrobial,1.0,0.0
580,OG0000412,72.90987303199593,0.882460841203937,Antimicrobial,1.0,0.0
581,OG0000655,79.6511014994233,0.0887350172154207,Non-antimicrobial,0.0,0.0
582,OG0000721,39.13352490421456,0.2297118260724288,Non-antimicrobial,0.0,0.0
583,OG0000481,87.83801762114538,0.6940294367751789,Antimicrobial,0.0,0.0
584,OG0000610,74.74435510887773,0.6519419821146716,Antimicrobial,0.0,0.0
585,OG0000501,70.03557211749234,0.9887919534733008,Antimicrobial,1.0,0.0
586,OG0000564,60.59237753102547,0.2586823069760516,Non-antimicrobial,0.0,0.0
587,OG0000714,84.08273766742894,0.1269000052345834,Non-antimicrobial,0.0,1.0
588,OG0000647,61.66637534498619,0.977044511570178,Antimicrobial,0.0,0.0
589,OG0000461,39.13600505689001,0.6308215034401904,Antimicrobial,0.0,0.0
590,OG0000720,32.907428571428575,0.7889333873845901,Antimicrobial,0.0,0.0
591,OG0000555,79.16269889224571,0.7709249165702321,Antimicrobial,0.0,0.0
592,OG0000550,75.0150401284109,0.567587113021256,Antimicrobial,0.0,0.0
593,OG0000624,75.51843124868394,0.9979484693267088,Antimicrobial,0.0,0.0
594,OG0000733,44.7564656233515,0.9819703954306896,Antimicrobial,0.0,0.0
595,OG0000093,61.471101694915255,0.2727231565919841,Non-antimicrobial,0.0,0.0
596,OG0000595,67.86075268817204,0.0091225127090325,Non-antimicrobial,0.0,0.0
597,OG0000606,83.54047708138447,0.8214616237109243,Antimicrobial,0.0,0.0
598,OG0000572,84.1041446842526,0.919111467394456,Antimicrobial,0.0,0.0
599,OG0000745,71.21255502063273,0.9318246528082422,Antimicrobial,1.0,0.0
0,OG0000563,80.31448902346708,0.9320690474799964,Antimicrobial,0.0,0.0
1,OG0000462,86.89382926829269,0.2474415564585347,Non-antimicrobial,0.0,0.0
2,OG0000716,84.44312316176472,0.2837761474086905,Non-antimicrobial,1.0,0.0
3,OG0000736,80.69073059360731,0.6696962428074473,Antimicrobial,0.0,0.0
4,OG0000691,59.92540512820513,0.4000144781732043,Non-antimicrobial,0.0,0.0
5,OG0000474,84.9979704797048,0.7784545094743279,Antimicrobial,0.0,0.0
6,OG0000660,87.78574462140263,0.6291882554235197,Antimicrobial,0.0,0.0
7,OG0000729,51.282,0.5387443751325341,Antimicrobial,0.0,0.0
8,OG0000374,82.30737783075088,0.6675862636299353,Antimicrobial,0.0,0.0
9,OG0000641,42.71859857482185,0.4672678031800881,Non-antimicrobial,0.0,0.0
10,OG0000511,87.03101183190533,0.8865793989386347,Antimicrobial,0.0,0.0
11,OG0000658,75.78743138822276,0.8166806688589476,Antimicrobial,0.0,0.0
12,OG0000651,86.37342334494774,0.3364492139080889,Non-antimicrobial,0.0,0.0
13,OG0000455,84.67031476997579,0.061732948553856,Non-antimicrobial,0.0,0.0
14,OG0000725,83.68298357664234,0.5148750882645631,Antimicrobial,0.0,0.0
15,OG0000752,53.13476234855545,0.7163823946161352,Antimicrobial,0.0,1.0
16,OG0000757,82.11764162819975,0.8464132359353096,Antimicrobial,0.0,0.0
17,OG0000731,84.33850351161534,0.3797745761533414,Non-antimicrobial,1.0,0.0
18,OG0000737,46.20876262626262,0.1689457721525544,Non-antimicrobial,0.0,0.0
19,OG0000747,74.58666764879199,0.0087873338179754,Non-antimicrobial,0.0,0.0
20,OG0000687,75.81383780332057,0.2538113953338216,Non-antimicrobial,0.0,0.0
21,OG0000761,57.29191416309012,0.6876996583542746,Antimicrobial,0.0,0.0
22,OG0000531,55.08460238568588,0.990797814039111,Antimicrobial,0.0,0.0
23,OG0000542,90.89391532756488,0.0596198170187341,Non-antimicrobial,0.0,0.0
24,OG0000767,68.48310021321961,0.5233149846797263,Antimicrobial,0.0,0.0
25,OG0000732,50.88591854419411,0.3344721275368731,Non-antimicrobial,0.0,0.0
26,OG0000643,90.51319047619047,0.9284311676010722,Antimicrobial,1.0,0.0
27,OG0000591,88.23439590238023,0.999664971098666,Antimicrobial,1.0,0.0
28,OG0000781,49.196373530692206,0.1130195482141744,Non-antimicrobial,0.0,0.0
29,OG0000571,29.60622871046229,0.9789683831422475,Antimicrobial,0.0,0.0
30,OG0000303,68.26304964539007,0.0313666424137567,Non-antimicrobial,0.0,0.0
31,OG0000700,78.36291457286433,0.3908284788034238,Non-antimicrobial,0.0,1.0
32,OG0000697,52.1702320468979,0.9999998692473002,Antimicrobial,0.0,0.0
33,OG0000671,58.67344567112144,0.9098033552249134,Antimicrobial,0.0,0.0
34,OG0000753,83.75108934169279,0.5279778624510797,Antimicrobial,0.0,0.0
35,OG0000567,77.3031982475356,0.3653285501950052,Non-antimicrobial,0.0,0.0
36,OG0000562,61.86592823712948,0.9107235010917212,Antimicrobial,0.0,0.0
37,OG0000580,68.95212157330155,0.8237304563272962,Antimicrobial,0.0,0.0
38,OG0000789,30.05431558935361,0.6615771181362037,Antimicrobial,0.0,1.0
39,OG0000710,64.20849755240366,0.3920873850466394,Non-antimicrobial,1.0,1.0
40,OG0000666,87.81780569514238,0.3621287631249981,Non-antimicrobial,0.0,0.0
41,OG0000713,82.29968162083937,0.7318708181312674,Antimicrobial,0.0,0.0
42,OG0000780,44.8523593073593,0.7736503971157016,Antimicrobial,0.0,0.0
43,OG0000650,82.1066962571977,0.9958472524436046,Antimicrobial,1.0,1.0
44,OG0000649,64.91417945690672,0.8278468434969626,Antimicrobial,0.0,0.0
45,OG0000523,57.520364,0.9999999853256888,Antimicrobial,0.0,0.0
46,OG0000609,91.31359135913593,0.3596094772115943,Non-antimicrobial,0.0,0.0
47,OG0000435,77.69000000000001,0.2308387216416428,Non-antimicrobial,0.0,0.0
48,OG0000775,69.46399920571882,0.972316813968335,Antimicrobial,0.0,0.0
49,OG0000611,83.55110861522199,0.999968053675928,Antimicrobial,1.0,0.0
50,OG0000728,59.24898728987291,0.6100494510338795,Antimicrobial,0.0,0.0
51,OG0000688,68.55984210526316,0.9960520137930382,Antimicrobial,0.0,0.0
52,OG0000693,58.42434015525759,0.9974792800238812,Antimicrobial,0.0,0.0
53,OG0000760,79.58977900552486,0.6222495993913829,Antimicrobial,0.0,0.0
54,OG0000762,81.17557890714559,0.9176422109112884,Antimicrobial,0.0,0.0
55,OG0000756,56.48971473029046,0.8542062390689615,Antimicrobial,0.0,0.0
56,OG0000787,86.50115384615384,0.2662920626392877,Non-antimicrobial,0.0,1.0
57,OG0000813,84.23946790052052,0.2292297332986229,Non-antimicrobial,0.0,0.0
58,OG0000772,54.529014906027214,0.9643635021174874,Antimicrobial,0.0,0.0
59,OG0000583,71.84932980240374,0.4331155211713405,Non-antimicrobial,0.0,1.0
60,OG0000584,56.04326984126983,0.9999874194279178,Antimicrobial,0.0,0.0
61,OG0000686,41.30351809083911,0.8804851650051037,Antimicrobial,1.0,0.0
62,OG0000683,69.65581395348836,0.9716779310500352,Antimicrobial,0.0,0.0
63,OG0000690,81.12419277785584,0.9963115958352168,Antimicrobial,1.0,0.0
64,OG0000692,37.03390887290168,0.002133987883282,Non-antimicrobial,0.0,0.0
65,OG0000828,78.70447407851363,0.9831039383489104,Antimicrobial,0.0,0.0
66,OG0000681,51.51952380952381,0.1311297245224066,Non-antimicrobial,0.0,0.0
67,OG0000749,69.16346856888096,0.999306111104412,Antimicrobial,1.0,0.0
68,OG0000507,53.52352606635071,0.0736395891478109,Non-antimicrobial,0.0,0.0
69,OG0000717,83.06101136363637,0.5598152825579801,Antimicrobial,0.0,0.0
70,OG0000487,81.73868146214099,0.8517662576753139,Antimicrobial,0.0,0.0
71,OG0000727,79.49188093907209,0.8402368516319326,Antimicrobial,0.0,0.0
72,OG0000579,81.95716646989375,0.5898937113828675,Antimicrobial,0.0,0.0
73,OG0000748,56.50755654101995,0.0126111627109011,Non-antimicrobial,0.0,1.0
74,OG0000738,83.09194235588971,0.918867835451433,Antimicrobial,1.0,0.0
75,OG0000815,80.79288566243196,0.9097405895700948,Antimicrobial,0.0,0.0
76,OG0000837,77.43874937468735,0.8217582397220922,Antimicrobial,1.0,0.0
77,OG0000808,80.07125307990144,0.2344952278677042,Non-antimicrobial,0.0,0.0
78,OG0000840,42.78816656308266,0.4713546119964521,Non-antimicrobial,0.0,0.0
79,OG0000844,55.62545305676856,0.9127785504491952,Antimicrobial,0.0,0.0
80,OG0000821,81.18334985835693,0.3119046926126111,Non-antimicrobial,0.0,0.0
81,OG0000705,70.59447075208914,0.9983449417255814,Antimicrobial,0.0,0.0
82,OG0000853,41.28881578947369,0.4272831390912196,Non-antimicrobial,0.0,1.0
83,OG0000830,70.67798670465336,0.9033300496850744,Antimicrobial,0.0,0.0
84,OG0000723,65.18407537248028,0.3609282113686153,Non-antimicrobial,0.0,0.0
85,OG0000856,77.85924170616114,0.6443784681307185,Antimicrobial,0.0,0.0
86,OG0000750,80.0778355704698,0.8062226130859914,Antimicrobial,0.0,0.0
87,OG0000852,85.67387221684415,0.5519011956972144,Antimicrobial,0.0,0.0
88,OG0000790,47.43241285030759,0.9999960622740632,Antimicrobial,0.0,1.0
89,OG0000653,79.9512419700214,0.1881322566480052,Non-antimicrobial,0.0,0.0
90,OG0000638,33.71937799043062,0.001454400550188,Non-antimicrobial,0.0,0.0
91,OG0000517,73.17051160337552,0.9144613244514872,Antimicrobial,0.0,0.0
92,OG0000827,66.3450298264642,0.996878683542834,Antimicrobial,0.0,0.0
93,OG0000260,79.28324817518248,0.0050205826579444,Non-antimicrobial,0.0,0.0
94,OG0000841,88.73249731471536,0.9931886875731296,Antimicrobial,1.0,0.0
95,OG0000718,65.54341054706751,0.427174864499137,Non-antimicrobial,0.0,0.0
96,OG0000645,78.8190984706198,0.961080354666407,Antimicrobial,1.0,0.0
97,OG0000824,58.75109210526316,0.9770951414080068,Antimicrobial,0.0,0.0
98,OG0000819,89.70289864029665,0.5615718193002692,Antimicrobial,0.0,0.0
99,OG0000565,68.58619696969697,0.1938786818632014,Non-antimicrobial,0.0,1.0
100,OG0000788,30.7306598407281,0.1067808295469238,Non-antimicrobial,0.0,0.0
101,OG0000786,46.84514388489209,0.7896426122052661,Antimicrobial,0.0,0.0
102,OG0000625,58.19686803519062,0.0043938941304176,Non-antimicrobial,0.0,0.0
103,OG0000622,64.04858712314767,0.9738339998255424,Antimicrobial,0.0,0.0
104,OG0000765,90.05638659793816,0.6483825042916953,Antimicrobial,1.0,0.0
105,OG0000851,76.63193704245973,0.7385604282740448,Antimicrobial,1.0,0.0
106,OG0000349,80.11226671309191,0.0041494897012004,Non-antimicrobial,0.0,0.0
107,OG0000667,67.61691737288136,0.7383436271450655,Antimicrobial,0.0,0.0
108,OG0000706,55.57973913043478,0.0003115930071426,Non-antimicrobial,0.0,0.0
109,OG0000843,51.86119978858351,0.5030487267397099,Antimicrobial,0.0,0.0
110,OG0000885,30.11750530785563,0.9361299446585944,Antimicrobial,0.0,0.0
111,OG0000755,72.81160632542654,0.9192334964196374,Antimicrobial,0.0,0.0
112,OG0000868,88.65390670553937,0.0288703400700232,Non-antimicrobial,0.0,0.0
113,OG0000842,47.62803664921466,0.0061622156034712,Non-antimicrobial,0.0,1.0
114,OG0000568,56.769623655913975,0.0564352377214274,Non-antimicrobial,0.0,0.0
115,OG0000849,81.49726737967916,0.9701717440164376,Antimicrobial,0.0,0.0
116,OG0000769,93.54820187534474,0.0742174244586518,Non-antimicrobial,0.0,0.0
117,OG0000820,45.74923986486486,0.4535946332751397,Non-antimicrobial,0.0,0.0
118,OG0000695,75.2264450867052,0.8561478781111548,Antimicrobial,0.0,0.0
119,OG0000485,25.37397820163488,0.9997015611371992,Antimicrobial,0.0,0.0
120,OG0000670,54.92086288416076,0.5858196650357348,Antimicrobial,0.0,0.0
121,OG0000899,79.8896157840083,0.5854730595632529,Antimicrobial,0.0,0.0
122,OG0000803,46.37482032218091,0.3985765119087317,Non-antimicrobial,0.0,0.0
123,OG0000805,58.30436507936509,0.7666602817958859,Antimicrobial,0.0,0.0
124,OG0000778,71.71093954248366,0.435490499832566,Non-antimicrobial,0.0,0.0
125,OG0000889,62.89131496337636,0.973663625465158,Antimicrobial,0.0,1.0
126,OG0000811,75.81142087106511,0.3388986348282607,Non-antimicrobial,0.0,0.0
127,OG0000897,41.16686757990868,0.0303564022472806,Non-antimicrobial,0.0,0.0
128,OG0000908,62.0498905109489,0.2519348503086165,Non-antimicrobial,0.0,0.0
129,OG0000822,86.85817521040552,0.9684289340873876,Antimicrobial,0.0,0.0
130,OG0000874,79.62651901294498,0.9996428530346776,Antimicrobial,0.0,1.0
131,OG0000535,77.17317330210773,0.6653017867062094,Antimicrobial,0.0,0.0
132,OG0000711,70.64262773722628,0.906202678084026,Antimicrobial,0.0,0.0
133,OG0000639,79.03088730239674,0.1925421508242001,Non-antimicrobial,0.0,0.0
134,OG0000862,91.09772162386082,0.9690884029231354,Antimicrobial,0.0,0.0
135,OG0000726,74.18271463614063,0.9779056887913374,Antimicrobial,0.0,0.0
136,OG0000810,51.28940476190476,0.0009124560846305,Non-antimicrobial,0.0,1.0
137,OG0000560,49.79213800904977,0.6388342250881782,Antimicrobial,0.0,0.0
138,OG0000601,54.4013829787234,0.1902766439412443,Non-antimicrobial,0.0,0.0
139,OG0000854,82.11763390974274,0.6941776211586803,Antimicrobial,0.0,0.0
140,OG0000768,54.52594315245478,0.3480375193241941,Non-antimicrobial,0.0,0.0
141,OG0000855,62.21695100864554,0.843219984147029,Antimicrobial,0.0,0.0
142,OG0000770,74.02497343251859,0.4143637629987633,Non-antimicrobial,0.0,1.0
143,OG0000905,81.4768784530387,0.4040568180550772,Non-antimicrobial,0.0,1.0
144,OG0000896,67.18968911917098,0.6087390962442698,Antimicrobial,0.0,0.0
145,OG0000917,74.73968563130019,0.3966205115735136,Non-antimicrobial,0.0,1.0
146,OG0000779,82.61443430656935,0.7955510778942134,Antimicrobial,0.0,0.0
147,OG0000932,86.87589776771271,0.0017855872726191,Non-antimicrobial,1.0,1.0
148,OG0000823,68.21407927747116,0.0072587188854551,Non-antimicrobial,0.0,0.0
149,OG0000863,40.60937373737374,0.9998720543170434,Antimicrobial,0.0,0.0
150,OG0000838,84.35397828507794,0.9484677607032634,Antimicrobial,0.0,0.0
151,OG0000796,51.269430769230766,0.6602113666132431,Antimicrobial,0.0,0.0
152,OG0000926,74.09788423153694,0.8822278672404259,Antimicrobial,0.0,0.0
153,OG0000832,78.55212068591274,0.4684450478289972,Non-antimicrobial,1.0,0.0
154,OG0000887,69.12338022665102,0.998557118629396,Antimicrobial,0.0,0.0
155,OG0000898,83.72424709857499,0.2106305131655241,Non-antimicrobial,1.0,0.0
156,OG0000619,76.82770771069934,0.3789710424350674,Non-antimicrobial,1.0,0.0
157,OG0000707,39.27242566510172,0.4741925674833062,Non-antimicrobial,0.0,0.0
158,OG0000285,81.58398717948718,0.3452504833639789,Non-antimicrobial,0.0,0.0
159,OG0000742,82.5538127090301,0.8776588144431904,Antimicrobial,0.0,0.0
160,OG0000663,70.52548117154812,0.9995077883051876,Antimicrobial,0.0,0.0
161,OG0000850,51.83095774647888,0.901576942241238,Antimicrobial,0.0,0.0
162,OG0000934,62.71875190258752,0.9808156818780002,Antimicrobial,0.0,0.0
163,OG0000576,47.63302263969172,0.9995756518809488,Antimicrobial,0.0,0.0
164,OG0000657,43.833104895104896,0.0136189185911458,Non-antimicrobial,0.0,0.0
165,OG0000804,67.17810690423163,0.8287178971119158,Antimicrobial,0.0,0.0
166,OG0000839,82.27200899550225,0.5055003094441766,Antimicrobial,0.0,0.0
167,OG0000866,79.20456235476375,0.5390278795849042,Antimicrobial,0.0,0.0
168,OG0000680,27.136784,0.99706686891428,Antimicrobial,0.0,0.0
169,OG0000881,49.12520998864926,0.5128318160117203,Antimicrobial,0.0,0.0
170,OG0000722,75.7603785488959,0.0408845779668117,Non-antimicrobial,0.0,0.0
171,OG0000826,73.73024482109228,0.1569915426948226,Non-antimicrobial,0.0,0.0
172,OG0000920,81.8391398446171,0.7455546956454352,Antimicrobial,0.0,0.0
173,OG0000825,78.90736100234926,0.2455804841714777,Non-antimicrobial,0.0,0.0
174,OG0000891,80.35320355191257,0.3403677706924103,Non-antimicrobial,0.0,0.0
175,OG0000911,33.004089861751154,0.0022053710992694,Non-antimicrobial,0.0,0.0
176,OG0000918,65.46995233555766,0.3865755956436953,Non-antimicrobial,0.0,1.0
177,OG0000674,42.7705317769131,0.5855837739265078,Antimicrobial,0.0,0.0
178,OG0000950,59.28097459697118,0.0,Non-antimicrobial,0.0,0.0
179,OG0000734,65.0480408858603,0.8603048842538041,Antimicrobial,0.0,0.0
180,OG0000534,48.5857281553398,0.5928353225387057,Antimicrobial,0.0,0.0
181,OG0000829,79.02115517241378,0.9321073468940332,Antimicrobial,0.0,0.0
182,OG0000541,43.36513978494623,0.1995545931833708,Non-antimicrobial,0.0,0.0
183,OG0000834,78.96699745547073,0.9871690692394172,Antimicrobial,0.0,0.0
184,OG0000976,68.71054263565891,0.0005272196763514,Non-antimicrobial,0.0,0.0
185,OG0000931,83.57993488690884,0.0245385397689135,Non-antimicrobial,0.0,1.0
186,OG0000978,63.68696418085731,0.0034131510271575,Non-antimicrobial,0.0,0.0
187,OG0000708,76.22362511052167,0.3750474753388879,Non-antimicrobial,0.0,0.0
188,OG0000858,55.62686620772224,0.9999986031321056,Antimicrobial,0.0,1.0
189,OG0000864,84.31978877153975,0.9350664892459156,Antimicrobial,1.0,0.0
190,OG0000662,52.27108462455304,0.4625748357968574,Non-antimicrobial,0.0,0.0
191,OG0000876,87.75181240657699,0.9444173264668096,Antimicrobial,0.0,0.0
192,OG0000879,81.55741594454074,0.9980669086807258,Antimicrobial,1.0,0.0
193,OG0000922,79.4191761308951,0.2794091186024435,Non-antimicrobial,1.0,0.0
194,OG0000921,31.426099900760835,0.9262918998207442,Antimicrobial,0.0,0.0
195,OG0000699,70.69521696733301,0.6879450444126204,Antimicrobial,0.0,0.0
196,OG0000900,68.127328,0.1159709940071715,Non-antimicrobial,0.0,1.0
197,OG0000676,81.69255511811022,0.9093557206246312,Antimicrobial,0.0,0.0
198,OG0000678,75.99093943565038,0.9983107510446666,Antimicrobial,0.0,0.0
199,OG0000910,84.65300528084495,0.2611248323013613,Non-antimicrobial,0.0,0.0
200,OG0000754,84.29485427615863,0.0607002312572396,Non-antimicrobial,0.0,0.0
201,OG0000969,74.90082488167681,0.4401993044024961,Non-antimicrobial,0.0,0.0
202,OG0000620,43.73838745800673,0.7579550646780717,Antimicrobial,0.0,0.0
203,OG0000597,78.95512096774193,0.825371474308526,Antimicrobial,0.0,0.0
204,OG0000967,35.45812826603326,0.1539094939726611,Non-antimicrobial,0.0,0.0
205,OG0000946,67.75949760370186,0.9999999999983896,Antimicrobial,0.0,1.0
206,OG0000846,38.42947510094213,0.006465353799161,Non-antimicrobial,0.0,0.0
207,OG0000941,80.51829399585921,0.4902342364857702,Non-antimicrobial,0.0,1.0
208,OG0000902,75.23619753865573,0.9967145533634711,Antimicrobial,0.0,0.0
209,OG0000704,66.19768627450979,0.9274297206450968,Antimicrobial,0.0,0.0
210,OG0000984,83.45103435804701,0.9555285100986256,Antimicrobial,0.0,0.0
211,OG0000865,55.46893333333333,0.7472149198121387,Antimicrobial,0.0,0.0
212,OG0000636,46.02329557522125,0.0,Non-antimicrobial,0.0,0.0
213,OG0000925,67.9986398678414,0.9876244436800172,Antimicrobial,0.0,0.0
214,OG0000880,77.72980845241716,0.9999775927776936,Antimicrobial,0.0,0.0
215,OG0000715,66.7525390625,0.9991956954034336,Antimicrobial,0.0,1.0
216,OG0000987,82.4390608272506,0.7383924207434641,Antimicrobial,0.0,0.0
217,OG0000988,87.26718873239437,0.1205832096183397,Non-antimicrobial,0.0,0.0
218,OG0000739,38.19361111111111,0.5150941341908768,Antimicrobial,0.0,0.0
219,OG0000960,80.59475609756096,0.9796702670901676,Antimicrobial,0.0,0.0
220,OG0000996,71.69536681887368,0.9929653700573986,Antimicrobial,0.0,0.0
221,OG0000962,49.93962652929814,0.9239323215455508,Antimicrobial,0.0,0.0
222,OG0000764,56.50008695652174,0.0333962918479102,Non-antimicrobial,0.0,0.0
223,OG0000814,65.33397951719093,0.1966093428419628,Non-antimicrobial,0.0,0.0
224,OG0000995,82.39746280595105,0.0035661519849007,Non-antimicrobial,1.0,0.0
225,OG0000965,82.61413737373736,0.036021573384881,Non-antimicrobial,1.0,0.0
226,OG0000964,56.26411262798636,0.4324680490635673,Non-antimicrobial,0.0,1.0
227,OG0000936,36.9874065934066,0.0662909651043854,Non-antimicrobial,0.0,0.0
228,OG0000985,75.95949328449328,0.4687349284556418,Non-antimicrobial,1.0,1.0
229,OG0000903,70.02450994841563,0.448281055422149,Non-antimicrobial,0.0,0.0
230,OG0000968,53.617016157989234,0.9934576196262423,Antimicrobial,0.0,0.0
231,OG0000904,44.599889196675896,0.0019493243494544,Non-antimicrobial,0.0,0.0
232,OG0000929,59.92743389423077,0.2994511371955551,Non-antimicrobial,0.0,0.0
233,OG0000927,73.3000895522388,0.4326899710806951,Non-antimicrobial,0.0,0.0
234,OG0000701,84.89007680491552,0.947672152672538,Antimicrobial,0.0,0.0
235,OG0001006,71.65368303571428,0.2418927387287152,Non-antimicrobial,0.0,0.0
236,OG0001001,75.20817127564675,0.99755871931943,Antimicrobial,0.0,0.0
237,OG0001002,86.25320967069612,0.9549677446240782,Antimicrobial,0.0,0.0
238,OG0001021,76.83588155668359,0.9981656100894574,Antimicrobial,0.0,0.0
239,OG0000974,58.81719367588933,0.4692016581921165,Non-antimicrobial,0.0,0.0
240,OG0001020,65.9030200803213,0.9275864794062282,Antimicrobial,0.0,0.0
241,OG0000909,64.75142480211082,0.9740498443770164,Antimicrobial,0.0,1.0
242,OG0000818,87.97795226130653,0.5913262251925073,Antimicrobial,0.0,0.0
243,OG0000971,82.43459166666666,0.4888816081828973,Non-antimicrobial,1.0,0.0
244,OG0001017,57.31157417893544,0.999999808760314,Antimicrobial,0.0,0.0
245,OG0000807,65.92085906040268,0.96148529105276,Antimicrobial,0.0,0.0
246,OG0000948,64.57173693086004,0.935863080866955,Antimicrobial,0.0,0.0
247,OG0000975,40.26766666666666,0.3837721451273751,Non-antimicrobial,0.0,0.0
248,OG0000943,90.3049710024855,0.2217096877378845,Non-antimicrobial,1.0,0.0
249,OG0000951,83.28825371965544,0.7132112506759426,Antimicrobial,0.0,0.0
250,OG0001034,51.554415094339625,0.0143459087407712,Non-antimicrobial,0.0,0.0
251,OG0000997,40.65455211267606,0.8492417853523223,Antimicrobial,0.0,0.0
252,OG0001051,76.89077598828696,0.396844412535711,Non-antimicrobial,1.0,0.0
253,OG0001030,84.98320909970958,0.0455888938591292,Non-antimicrobial,0.0,0.0
254,OG0000617,54.36297674418604,0.0661942527741468,Non-antimicrobial,0.0,0.0
255,OG0000637,77.29611409395974,0.889789980704371,Antimicrobial,0.0,0.0
256,OG0000959,75.5747033492823,0.014229942653175,Non-antimicrobial,0.0,0.0
257,OG0001028,45.03577692307692,0.9428657388991484,Antimicrobial,0.0,0.0
258,OG0000812,62.52389991841175,0.9998071919077476,Antimicrobial,0.0,1.0
259,OG0001036,58.5586350148368,0.0013264283839261,Non-antimicrobial,0.0,1.0
260,OG0000744,81.38547378640777,0.0,Non-antimicrobial,0.0,0.0
261,OG0001013,50.63628676470588,0.0093278013245701,Non-antimicrobial,0.0,0.0
262,OG0000573,54.7052962962963,0.7341724142603192,Antimicrobial,0.0,0.0
263,OG0001045,52.56074910820451,0.9543564172775328,Antimicrobial,0.0,0.0
264,OG0001046,52.55404024767802,0.020314288438644,Non-antimicrobial,0.0,0.0
265,OG0001038,62.39232725262576,0.0690696018812759,Non-antimicrobial,0.0,1.0
266,OG0000514,78.73919140225179,0.6627011431529155,Antimicrobial,0.0,1.0
267,OG0000845,70.36273405698779,0.9726826105941008,Antimicrobial,0.0,0.0
268,OG0001024,89.45055613305612,0.0018322247151885,Non-antimicrobial,0.0,0.0
269,OG0000989,31.79717561521253,0.978172334789698,Antimicrobial,0.0,0.0
270,OG0001047,71.93525735294118,0.9546557916141722,Antimicrobial,0.0,0.0
271,OG0000628,78.64701334379905,0.9676857870975668,Antimicrobial,1.0,0.0
272,OG0000712,73.33177033492824,0.7907878406013611,Antimicrobial,0.0,0.0
273,OG0000952,61.15860393761186,0.999990115273974,Antimicrobial,0.0,0.0
274,OG0001009,35.29337299534402,0.9993829779777224,Antimicrobial,0.0,0.0
275,OG0000783,66.40998875456846,0.9804860873152575,Antimicrobial,0.0,0.0
276,OG0000901,50.949758064516125,0.1586230793070836,Non-antimicrobial,0.0,0.0
277,OG0000766,67.68076014760148,0.9043364913659055,Antimicrobial,0.0,0.0
278,OG0001056,51.73786170212765,0.0488079399142977,Non-antimicrobial,0.0,0.0
279,OG0000480,60.95238702201622,0.8550365775303683,Antimicrobial,0.0,0.0
280,OG0001032,80.38218299164768,0.2038389212700311,Non-antimicrobial,0.0,0.0
281,OG0001037,88.96865499573015,0.2143386586494532,Non-antimicrobial,0.0,0.0
282,OG0001029,74.853914843288,0.8830442039975906,Antimicrobial,0.0,0.0
283,OG0000933,79.74503893724233,0.4383173658782571,Non-antimicrobial,0.0,0.0
284,OG0000937,40.17197879858657,0.2071135871846734,Non-antimicrobial,0.0,0.0
285,OG0000939,50.00897946084724,0.9797399453583652,Antimicrobial,0.0,1.0
286,OG0000791,89.57529875986472,0.0588242283051384,Non-antimicrobial,0.0,1.0
287,OG0000802,55.58970639032815,0.4143688711482354,Non-antimicrobial,0.0,0.0
288,OG0001010,71.42339673913042,0.1730189395228096,Non-antimicrobial,0.0,0.0
289,OG0000857,61.256140845070426,0.849694106647662,Antimicrobial,0.0,0.0
290,OG0000792,37.88290419161677,0.0024383858340416,Non-antimicrobial,0.0,0.0
291,OG0000924,52.26177362893815,0.0110605593241142,Non-antimicrobial,0.0,0.0
292,OG0000970,72.13122697126013,0.7751757943278932,Antimicrobial,0.0,0.0
293,OG0001077,45.220622923588046,0.9184793670133036,Antimicrobial,0.0,0.0
294,OG0001005,91.50834165477887,0.3662613210495777,Non-antimicrobial,0.0,0.0
295,OG0001042,44.19801694915254,0.9997301287063596,Antimicrobial,0.0,0.0
296,OG0000973,66.54168306010929,0.9094608755437152,Antimicrobial,0.0,0.0
297,OG0000279,89.44661764705883,0.1897998700868577,Non-antimicrobial,0.0,0.0
298,OG0000801,78.53232614392259,0.9203291431326944,Antimicrobial,1.0,0.0
299,OG0001054,62.8227494199536,0.0003585830777751,Non-antimicrobial,0.0,1.0
300,OG0001096,58.47318209316394,0.1433506281315167,Non-antimicrobial,0.0,1.0
301,OG0001098,60.60931080185553,0.7330936697320292,Antimicrobial,0.0,0.0
302,OG0000953,73.11498514115898,0.8841523287901486,Antimicrobial,0.0,0.0
303,OG0001117,38.144617563739374,0.1966263319866658,Non-antimicrobial,0.0,0.0
304,OG0001116,45.09867152466368,0.8711771781269873,Antimicrobial,0.0,1.0
305,OG0001113,75.53787929125137,0.0563438876724856,Non-antimicrobial,0.0,1.0
306,OG0000961,64.51969488188978,0.829123559493063,Antimicrobial,0.0,0.0
307,OG0001109,53.63530588235295,0.162309700996345,Non-antimicrobial,0.0,0.0
308,OG0000949,75.20402472527472,0.9055828987422416,Antimicrobial,0.0,0.0
309,OG0001103,75.6096915071548,0.0079810504352435,Non-antimicrobial,0.0,0.0
310,OG0000907,75.25407759882869,0.4538466562141821,Non-antimicrobial,1.0,0.0
311,OG0000618,59.04292804658256,0.0,Non-antimicrobial,0.0,0.0
312,OG0001011,43.65670588235294,0.0011232987626723,Non-antimicrobial,0.0,0.0
313,OG0001087,83.87862602365787,0.0881986357805445,Non-antimicrobial,0.0,0.0
314,OG0001019,87.27410678642714,0.2715961755764949,Non-antimicrobial,0.0,0.0
315,OG0000793,90.3717718446602,0.9886116735243772,Antimicrobial,1.0,0.0
316,OG0000785,77.46135404221427,0.9981638889469684,Antimicrobial,0.0,1.0
317,OG0001075,44.17381185693288,0.2808144243800163,Non-antimicrobial,0.0,0.0
318,OG0000777,76.8127861163227,0.6707750049476799,Antimicrobial,0.0,0.0
319,OG0001026,84.92367292225201,0.1316056178871184,Non-antimicrobial,1.0,1.0
320,OG0000602,50.26438271604938,0.0990683554423676,Non-antimicrobial,0.0,0.0
321,OG0001095,41.52348942598188,0.0035433671263016,Non-antimicrobial,0.0,0.0
322,OG0001089,63.77013170731708,0.877875559010124,Antimicrobial,0.0,0.0
323,OG0001088,41.96441448382126,0.0062575661548142,Non-antimicrobial,0.0,0.0
324,OG0001062,68.47151909017059,0.0022374088957518,Non-antimicrobial,0.0,0.0
325,OG0000740,66.36610215053764,0.792941190622246,Antimicrobial,0.0,0.0
326,OG0001072,31.942171407324786,0.9999999223180698,Antimicrobial,0.0,0.0
327,OG0001040,49.8502479851209,0.1677587568918162,Non-antimicrobial,0.0,0.0
328,OG0000751,64.44933557611438,0.4252762694363752,Non-antimicrobial,0.0,0.0
329,OG0001120,63.17554647996888,0.9979718050252084,Antimicrobial,0.0,0.0
330,OG0000709,75.08499474605955,0.9878323538302984,Antimicrobial,0.0,0.0
331,OG0001084,53.69439424230308,0.5130822798142904,Antimicrobial,0.0,1.0
332,OG0001106,84.53847727272728,0.9548386265383164,Antimicrobial,0.0,0.0
333,OG0001068,68.9940118577075,0.7394332487508063,Antimicrobial,0.0,0.0
334,OG0000986,63.51242946708464,0.9692564440605522,Antimicrobial,0.0,0.0
335,OG0000719,75.39910729613734,0.9593313477197998,Antimicrobial,0.0,0.0
336,OG0000782,75.2628792912514,0.972839892817761,Antimicrobial,0.0,0.0
337,OG0001119,67.33619558359621,0.9619896787313252,Antimicrobial,0.0,0.0
338,OG0000758,72.13434259954921,0.1568997717951341,Non-antimicrobial,0.0,1.0
339,OG0001069,60.44471957040573,0.9448669978028637,Antimicrobial,0.0,0.0
340,OG0001027,75.37855072463769,0.9920497684977168,Antimicrobial,0.0,0.0
341,OG0000763,32.779775910364144,0.1443989561725215,Non-antimicrobial,0.0,0.0
342,OG0000963,38.11120734908137,0.0868000252323842,Non-antimicrobial,0.0,0.0
343,OG0000743,83.77994630872485,0.9906757828741528,Antimicrobial,0.0,0.0
344,OG0001033,82.46006768953069,0.8298771966627825,Antimicrobial,0.0,0.0
345,OG0000816,60.67744411640658,0.9999594892478512,Antimicrobial,0.0,0.0
346,OG0001121,43.14030150753768,0.0124094550547914,Non-antimicrobial,0.0,0.0
347,OG0001134,83.0597656840514,0.8271039612081812,Antimicrobial,0.0,0.0
348,OG0001139,41.306420525657074,0.0660945042882147,Non-antimicrobial,0.0,0.0
349,OG0001143,39.71128491620112,0.7803078444060123,Antimicrobial,0.0,0.0
350,OG0001137,25.066318887105403,0.9999997298795495,Antimicrobial,0.0,0.0
351,OG0000992,62.30271249419415,0.9980855763988188,Antimicrobial,0.0,1.0
352,OG0001136,85.52295774647888,0.5224493979462999,Antimicrobial,0.0,0.0
353,OG0001145,45.528826315789466,0.1805593759098132,Non-antimicrobial,0.0,0.0
354,OG0000892,69.87487867647059,0.7777852184209644,Antimicrobial,0.0,0.0
355,OG0000886,59.334582324455205,0.9925128501791828,Antimicrobial,0.0,0.0
356,OG0001093,59.9902066314272,0.3666734305274633,Non-antimicrobial,0.0,0.0
357,OG0000999,45.10630357142857,0.901244418769195,Antimicrobial,0.0,0.0
358,OG0001154,66.06498480243161,0.5327340031908679,Antimicrobial,0.0,0.0
359,OG0001135,89.46173636001593,0.8871940962131706,Antimicrobial,0.0,0.0
360,OG0001090,31.119045151739453,0.3560420381032851,Non-antimicrobial,0.0,0.0
361,OG0001132,55.587438955139135,0.0004288833866963,Non-antimicrobial,0.0,1.0
362,OG0001163,88.77450389794473,0.0390503068206641,Non-antimicrobial,0.0,0.0
363,OG0001166,36.56004945598418,0.9997606208239892,Antimicrobial,0.0,0.0
364,OG0001171,82.4465120593692,0.2423157731995005,Non-antimicrobial,0.0,0.0
365,OG0001133,61.93176328502416,0.9064897019488776,Antimicrobial,0.0,0.0
366,OG0001101,31.457077877325982,0.834347353339126,Antimicrobial,0.0,0.0
367,OG0000938,80.87864013266999,0.5166684540976465,Antimicrobial,0.0,0.0
368,OG0001172,54.082619047619055,0.9960451907254492,Antimicrobial,1.0,0.0
369,OG0001099,42.12331065759637,0.5458658908112075,Antimicrobial,0.0,0.0
370,OG0000935,42.80180609672244,0.9968867201614918,Antimicrobial,0.0,0.0
371,OG0001175,33.61166007905138,0.0015613956929863,Non-antimicrobial,0.0,0.0
372,OG0001170,48.84336951392167,0.9999986928936968,Antimicrobial,0.0,0.0
373,OG0001169,30.33770870870871,0.9999616935628722,Antimicrobial,0.0,0.0
374,OG0001168,33.95047460449626,0.0021607734469213,Non-antimicrobial,0.0,0.0
375,OG0001044,85.62891203703704,0.9499765419231804,Antimicrobial,0.0,0.0
376,OG0001007,57.83796178343948,0.8472896455285311,Antimicrobial,0.0,0.0
377,OG0001000,69.982343470483,0.4940648374867282,Non-antimicrobial,0.0,0.0
378,OG0001035,88.90109190556493,0.532078315713479,Antimicrobial,1.0,0.0
379,OG0001031,74.31879920477137,0.875987929750744,Antimicrobial,0.0,0.0
380,OG0001008,74.08493107769424,0.62753630942366,Antimicrobial,0.0,0.0
381,OG0001015,37.72239460370995,0.0707639494072966,Non-antimicrobial,0.0,0.0
382,OG0001071,46.36119249753208,0.9999999996310268,Antimicrobial,0.0,0.0
383,OG0001222,77.69623867541394,0.9241593659677168,Antimicrobial,1.0,0.0
384,OG0001104,80.85360307773945,0.999649217787498,Antimicrobial,1.0,0.0
385,OG0001177,79.23424567188788,0.0147467602829835,Non-antimicrobial,0.0,0.0
386,OG0001185,85.60866055045872,0.3540919121121194,Non-antimicrobial,0.0,0.0
387,OG0000503,79.15928010471204,0.427179713854551,Non-antimicrobial,0.0,0.0
388,OG0001187,78.99002591419521,0.9983449437016022,Antimicrobial,0.0,0.0
389,OG0000806,49.7005,0.393419398792431,Non-antimicrobial,0.0,0.0
390,OG0001190,39.09957484499557,0.001509085204445,Non-antimicrobial,0.0,0.0
391,OG0001194,77.51712355212355,0.7935375285552059,Antimicrobial,0.0,0.0
392,OG0000794,81.13453836930456,0.2047897554786324,Non-antimicrobial,0.0,0.0
393,OG0001055,77.54492220650636,0.446899260164616,Non-antimicrobial,0.0,1.0
394,OG0001197,73.05205945210803,0.9631663206885712,Antimicrobial,1.0,0.0
395,OG0000577,71.577140311804,0.9988385766976372,Antimicrobial,0.0,0.0
396,OG0001198,40.861911554921534,0.0005012306165325,Non-antimicrobial,0.0,0.0
397,OG0001200,86.97871546961325,0.6895955428712744,Antimicrobial,0.0,0.0
398,OG0000318,92.23170502983804,0.0808900314568673,Non-antimicrobial,0.0,0.0
399,OG0001204,86.42463625639009,0.7560118849227311,Antimicrobial,0.0,0.0
0,OG0001209,24.082835666148263,0.9691134415660326,Antimicrobial,0.0,0.0
1,OG0001210,72.06688483844242,0.8139195486772797,Antimicrobial,0.0,0.0
2,OG0000648,30.39057522123894,0.2664930977763441,Non-antimicrobial,0.0,0.0
3,OG0001228,43.22332792207792,0.0011931747231364,Non-antimicrobial,0.0,0.0
4,OG0001213,42.8440275262586,0.3063351672476065,Non-antimicrobial,0.0,0.0
5,OG0001223,33.9143839835729,0.1522491659353767,Non-antimicrobial,0.0,0.0
6,OG0001221,52.66684273709483,0.0038523563283708,Non-antimicrobial,0.0,0.0
7,OG0000833,60.396367861885786,0.3732171838724966,Non-antimicrobial,0.0,0.0
8,OG0001193,79.8851592356688,0.3395441659499095,Non-antimicrobial,0.0,0.0
9,OG0000872,52.96096414342629,0.7395399309066374,Antimicrobial,0.0,0.0
10,OG0001130,67.72508425334108,0.9691788223404108,Antimicrobial,0.0,0.0
11,OG0001138,84.64871589085072,0.9408814955786416,Antimicrobial,0.0,0.0
12,OG0000915,,,,1.0,0.0
13,OG0000890,26.30792944785276,0.9505766913346057,Antimicrobial,0.0,0.0
14,OG0000521,42.07512,0.3891825299676199,Non-antimicrobial,0.0,0.0
15,OG0000883,32.883737967914435,0.9995692511142696,Antimicrobial,0.0,0.0
16,OG0000930,39.26568914956012,0.001919053577551,Non-antimicrobial,0.0,0.0
17,OG0001140,,,,1.0,0.0
18,OG0000947,58.57722613065327,0.051944160696528,Non-antimicrobial,0.0,0.0
19,OG0001110,59.98756535947712,0.6389197193008895,Antimicrobial,0.0,0.0
20,OG0000871,80.04869754768391,0.3107717271634393,Non-antimicrobial,0.0,0.0
21,OG0001107,,,,1.0,0.0
22,OG0001227,51.5941905737705,0.0552965620072496,Non-antimicrobial,0.0,0.0
23,OG0001064,65.72467418546366,0.6918920163630522,Antimicrobial,0.0,0.0
24,OG0001230,61.07601252106911,0.5421265965381933,Antimicrobial,0.0,0.0
25,OG0001245,49.03788265306122,0.0025709135126863,Non-antimicrobial,0.0,0.0
26,OG0001212,88.15218033622007,0.5222230304712984,Antimicrobial,0.0,0.0
27,OG0001242,,,,0.0,1.0
28,OG0001058,51.92247706422018,0.8711356163062691,Antimicrobial,0.0,0.0
29,OG0001243,82.4627652733119,0.0001657735645952,Non-antimicrobial,0.0,0.0
30,OG0001244,26.57130677126342,0.0057660363501925,Non-antimicrobial,0.0,0.0
31,OG0001208,83.39515906477578,0.7561273904488077,Antimicrobial,0.0,0.0
32,OG0001236,38.85259085580304,0.0440172668110399,Non-antimicrobial,0.0,0.0
33,OG0001266,39.33294736842105,0.5350213694502161,Antimicrobial,0.0,0.0
34,OG0001202,39.89394605394605,0.0016243346178538,Non-antimicrobial,0.0,0.0
35,OG0001156,,,,0.0,1.0
36,OG0001162,47.4304593639576,0.0002401242150908,Non-antimicrobial,0.0,0.0
37,OG0001186,45.99359279141105,0.6343852933036084,Antimicrobial,0.0,0.0
38,OG0001160,87.76492668621701,0.3677557338488822,Non-antimicrobial,0.0,0.0
39,OG0001188,35.64962213225372,0.0018044019674653,Non-antimicrobial,0.0,0.0
40,OG0001158,,,,1.0,0.0
41,OG0001192,69.13344347826087,0.87301625247456,Antimicrobial,0.0,0.0
42,OG0001083,75.29996516546404,0.9979470792045396,Antimicrobial,0.0,0.0
43,OG0001105,29.870573372206028,0.8169724051661803,Antimicrobial,0.0,0.0
44,OG0001155,83.15702120014373,0.9961965264587578,Antimicrobial,0.0,0.0
45,OG0001276,67.19640776699029,0.005871723676073,Non-antimicrobial,0.0,0.0
46,OG0001153,65.83491913746631,0.8926967810241402,Antimicrobial,0.0,0.0
47,OG0001152,57.907748148148144,0.9821333500049256,Antimicrobial,0.0,0.0
48,OG0001073,67.14136268343815,0.0607979418768859,Non-antimicrobial,0.0,0.0
49,OG0001199,81.98534660766963,0.1779611748086211,Non-antimicrobial,0.0,0.0
50,OG0001150,59.16784629133155,0.4982939275812358,Antimicrobial,0.0,0.0
51,OG0001264,31.2912954333644,0.7599765368319638,Antimicrobial,0.0,0.0
52,OG0001201,39.55760463045414,0.9850909234249512,Antimicrobial,0.0,0.0
53,OG0001248,43.75141093474427,8.464129124959788e-05,Non-antimicrobial,0.0,0.0
54,OG0001246,,,,0.0,1.0
55,OG0000919,57.51437262357414,0.5118319380967127,Antimicrobial,0.0,0.0
56,OG0000944,,,,0.0,1.0
57,OG0000870,53.56858623731805,0.9923037027584154,Antimicrobial,0.0,0.0
58,OG0001050,52.88809378574152,0.6293887441581331,Antimicrobial,0.0,0.0
59,OG0000771,86.52031908104658,0.605854447684144,Antimicrobial,0.0,0.0
60,OG0000923,61.75754982415006,0.2313685181364929,Non-antimicrobial,0.0,0.0
61,OG0000403,82.88192746809939,0.9627253536426968,Antimicrobial,0.0,0.0
62,OG0000652,80.3592792046396,0.9928566468794292,Antimicrobial,0.0,0.0
63,OG0000703,72.5629632408102,0.9893870856283844,Antimicrobial,0.0,0.0
64,OG0000942,37.64557195571956,0.9872632575217504,Antimicrobial,0.0,0.0
65,OG0001287,,,,0.0,1.0
66,OG0001293,37.46477631578948,0.7453379778495799,Antimicrobial,0.0,0.0
67,OG0001218,,,,0.0,0.0
68,OG0001290,72.69123076923077,0.8958480403917143,Antimicrobial,0.0,0.0
69,OG0000906,,,,0.0,1.0
70,OG0001167,57.4890073284477,0.0151225076888981,Non-antimicrobial,0.0,0.0
71,OG0001176,,,,1.0,0.0
72,OG0001259,67.07577567370721,0.9998818637003388,Antimicrobial,0.0,0.0
73,OG0000994,77.47423220973782,0.3995209394537506,Non-antimicrobial,0.0,0.0
74,OG0000993,79.76125,0.3191853881217514,Non-antimicrobial,0.0,0.0
75,OG0001144,,,,0.0,1.0
76,OG0000991,83.40900598802394,0.1878486364153314,Non-antimicrobial,0.0,0.0
77,OG0001286,38.48651184834124,0.9268030292741062,Antimicrobial,0.0,0.0
78,OG0000916,,,,1.0,0.0
79,OG0001284,,,,0.0,1.0
80,OG0001282,,,,0.0,1.0
81,OG0001280,41.711454196028185,0.0112594565588495,Non-antimicrobial,0.0,0.0
82,OG0001262,,,,0.0,1.0
83,OG0000977,,,,0.0,0.0
84,OG0001196,31.41794344473008,0.9961167390074394,Antimicrobial,0.0,0.0
85,OG0001148,82.59066666666666,0.7507374504026915,Antimicrobial,0.0,0.0
86,OG0000847,81.04066072526122,0.9729895911499096,Antimicrobial,0.0,0.0
87,OG0001147,30.63837968561064,0.9731298399306516,Antimicrobial,0.0,0.0
88,OG0001240,33.18129251700681,5.65083770959464e-05,Non-antimicrobial,0.0,0.0
89,OG0001265,,,,0.0,1.0
90,OG0001241,62.5674500855676,0.96138995170253,Antimicrobial,0.0,0.0
91,OG0000385,86.8223611111111,0.91169677084615,Antimicrobial,0.0,0.0
92,OG0001118,71.35646967340591,0.9648278526357672,Antimicrobial,0.0,0.0
93,OG0001247,44.318321626617376,0.9982002245291548,Antimicrobial,0.0,0.0
94,OG0001048,65.1587479038569,0.1053899583696207,Non-antimicrobial,0.0,0.0
95,OG0001303,73.5488115942029,0.9911719913859746,Antimicrobial,0.0,0.0
96,OG0001272,55.09384277558191,0.9999928771461324,Antimicrobial,0.0,0.0
97,OG0000884,82.41905263157895,0.6337454557647111,Antimicrobial,0.0,0.0
98,OG0000888,83.97252633671239,0.8804012698676608,Antimicrobial,0.0,0.0
99,OG0001025,64.32600914808462,0.8186209184759445,Antimicrobial,0.0,0.0
100,OG0001115,60.79959004392386,0.2383359157756059,Non-antimicrobial,0.0,0.0
101,OG0001300,70.08067352666043,0.6385483553206018,Antimicrobial,0.0,0.0
102,OG0001299,43.092723691615085,0.5718794114929517,Antimicrobial,0.0,0.0
103,OG0001079,80.3323923444976,0.0287005304532216,Non-antimicrobial,0.0,0.0
104,OG0000958,35.57741157556271,0.0140356229413951,Non-antimicrobial,0.0,0.0
105,OG0001226,63.22773628048781,0.088436586740919,Non-antimicrobial,0.0,0.0
106,OG0001229,68.62011235955056,0.0915241095782132,Non-antimicrobial,0.0,0.0
107,OG0001367,48.75017208413002,0.0980130536072998,Non-antimicrobial,0.0,0.0
108,OG0001263,45.84688378033206,0.7282265149231817,Antimicrobial,0.0,0.0
109,OG0001141,,,,0.0,1.0
110,OG0000835,84.15265415549598,0.5933482594854292,Antimicrobial,0.0,0.0
111,OG0001257,82.97412988330797,0.8156107991312155,Antimicrobial,0.0,0.0
112,OG0001057,46.54896864686469,0.99282458586151,Antimicrobial,0.0,0.0
113,OG0000848,59.83767063921993,0.9946522135237852,Antimicrobial,0.0,0.0
114,OG0000893,80.7001012793177,0.9376601631737148,Antimicrobial,0.0,0.0
115,OG0001359,76.49279024767802,0.981763494623956,Antimicrobial,0.0,0.0
116,OG0001250,70.6595761589404,0.0102626313983809,Non-antimicrobial,0.0,0.0
117,OG0000875,69.5525641025641,0.865972664063298,Antimicrobial,0.0,0.0
118,OG0001159,55.89497842502696,0.7464590320347224,Antimicrobial,0.0,0.0
119,OG0001164,72.36747429305913,0.7572175266364878,Antimicrobial,0.0,0.0
120,OG0001345,,,,0.0,1.0
121,OG0001339,61.52368119266055,0.5324824391873626,Antimicrobial,0.0,0.0
122,OG0001269,,,,1.0,0.0
123,OG0001195,32.83809299191375,0.040390637196249,Non-antimicrobial,0.0,0.0
124,OG0001332,39.12800820152314,0.0,Non-antimicrobial,0.0,0.0
125,OG0000773,84.69511009174313,0.9938603141070684,Antimicrobial,0.0,0.0
126,OG0001081,63.09446808510639,0.9999687432217566,Antimicrobial,0.0,0.0
127,OG0001076,49.04535527299925,0.9837991850171725,Antimicrobial,0.0,0.0
128,OG0001330,73.383,0.0215437038606167,Non-antimicrobial,0.0,0.0
129,OG0001329,29.09526984126984,0.0254520712310424,Non-antimicrobial,0.0,0.0
130,OG0001070,,,,0.0,0.0
131,OG0001067,53.24931581828134,0.8543604386798818,Antimicrobial,0.0,0.0
132,OG0000724,66.55227444732124,0.9999998021406415,Antimicrobial,0.0,0.0
133,OG0001049,57.455531502991896,0.0,Non-antimicrobial,0.0,0.0
134,OG0001307,73.4311875,0.7696665144920039,Antimicrobial,0.0,0.0
135,OG0001327,79.83909518213866,0.1693664444008594,Non-antimicrobial,0.0,0.0
136,OG0001309,72.40918114143922,0.0042933303338146,Non-antimicrobial,0.0,0.0
137,OG0001206,,,,0.0,1.0
138,OG0001325,,,,0.0,1.0
139,OG0000831,48.62767019667172,0.9967413184135288,Antimicrobial,0.0,0.0
140,OG0001217,65.16516045099739,0.8721496024388788,Antimicrobial,0.0,0.0
141,OG0001289,40.895815126050415,0.6459613948113389,Antimicrobial,0.0,0.0
142,OG0001189,,,,0.0,1.0
143,OG0001342,56.51514860539552,0.995293078130239,Antimicrobial,0.0,0.0
144,OG0001271,,,,1.0,0.0
145,OG0001112,69.9561104140527,0.6387799951060412,Antimicrobial,0.0,0.0
146,OG0001338,37.4225,0.0022924242931648,Non-antimicrobial,0.0,0.0
147,OG0000972,,,,0.0,1.0
148,OG0000867,77.71725663716815,0.963357684714712,Antimicrobial,0.0,0.0
149,OG0001092,49.934666666666665,0.0906805737465331,Non-antimicrobial,0.0,0.0
150,OG0001097,48.86202764976958,0.5294382905076692,Antimicrobial,0.0,0.0
151,OG0001379,56.33134575569358,0.3678873429556356,Non-antimicrobial,0.0,0.0
152,OG0001219,74.38752017937219,0.4684203711340928,Non-antimicrobial,0.0,0.0
153,OG0001386,42.2682154340836,1.1340383705397704e-05,Non-antimicrobial,0.0,0.0
154,OG0001174,70.25197272727274,0.9406222793317038,Antimicrobial,0.0,0.0
155,OG0001361,82.56639908256881,0.9975374548899428,Antimicrobial,0.0,0.0
156,OG0001358,57.23542517006803,0.3284776396694104,Non-antimicrobial,0.0,0.0
157,OG0001389,,,,1.0,0.0
158,OG0001383,58.27218336483931,0.6034026563743268,Antimicrobial,0.0,0.0
159,OG0001191,,,,0.0,1.0
160,OG0001381,79.03007836990597,0.9053423013277048,Antimicrobial,0.0,0.0
161,OG0001238,66.68724699828472,0.1788958826967264,Non-antimicrobial,0.0,0.0
162,OG0001362,76.9733614864865,0.4688097904564872,Non-antimicrobial,0.0,0.0
163,OG0001178,59.972049608355086,0.4696875732002284,Non-antimicrobial,0.0,0.0
164,OG0001378,70.52286130536132,0.0217582313291188,Non-antimicrobial,0.0,0.0
165,OG0001382,,,,0.0,1.0
166,OG0001393,,,,0.0,1.0
167,OG0001385,71.45480995162404,0.146705430632804,Non-antimicrobial,0.0,0.0
168,OG0000629,91.1163479145473,0.8801317869072653,Antimicrobial,0.0,0.0
169,OG0001413,,,,0.0,1.0
170,OG0001310,43.04730173199636,0.0359012285790447,Non-antimicrobial,0.0,0.0
171,OG0001304,43.721408114558464,0.2297776578101601,Non-antimicrobial,0.0,0.0
172,OG0001074,85.44009153318078,0.8726121066113748,Antimicrobial,0.0,0.0
173,OG0001023,73.74847631241997,0.7147353298019244,Antimicrobial,0.0,0.0
174,OG0001086,88.73149284253579,0.9607856369295406,Antimicrobial,0.0,0.0
175,OG0001288,33.887053320860616,0.2108398318547264,Non-antimicrobial,0.0,0.0
176,OG0001283,72.15872986369268,0.3731102314464777,Non-antimicrobial,0.0,0.0
177,OG0001423,72.46724497393895,0.4521277628323508,Non-antimicrobial,0.0,0.0
178,OG0001340,,,,0.0,0.0
179,OG0000954,55.24165129151292,0.8826941631755943,Antimicrobial,0.0,0.0
180,OG0001344,77.44265501691093,0.0011773551135084,Non-antimicrobial,0.0,0.0
181,OG0001415,79.96546341463414,0.9679697355616632,Antimicrobial,0.0,0.0
182,OG0001207,51.82051136363636,0.7472274079866361,Antimicrobial,0.0,0.0
183,OG0001411,82.98959211732355,0.5345112594198944,Antimicrobial,0.0,0.0
184,OG0000735,55.21871894409937,0.36558348264351,Non-antimicrobial,0.0,0.0
185,OG0001346,,,,1.0,1.0
186,OG0001151,80.43764538640475,0.8892137686116771,Antimicrobial,0.0,0.0
187,OG0001251,45.53594900849858,0.0126972685480669,Non-antimicrobial,0.0,0.0
188,OG0001356,43.98320334261839,0.950238230431744,Antimicrobial,0.0,0.0
189,OG0001353,79.97672727272726,0.0466639035708759,Non-antimicrobial,0.0,0.0
190,OG0001405,25.922688011913625,0.999111033045376,Antimicrobial,0.0,0.0
191,OG0001409,25.820433155080217,0.999994384905549,Antimicrobial,0.0,0.0
192,OG0001216,85.094382275629,0.7272409449674628,Antimicrobial,0.0,0.0
193,OG0001305,34.46680638722555,0.0216819073057387,Non-antimicrobial,0.0,0.0
194,OG0001331,63.32233861144945,0.7799431779410442,Antimicrobial,0.0,0.0
195,OG0001297,53.69119244391972,0.998588503979472,Antimicrobial,0.0,0.0
196,OG0001296,73.1077784222738,0.9998088253490652,Antimicrobial,0.0,0.0
197,OG0001292,55.01330383480826,0.9958719816270798,Antimicrobial,0.0,0.0
198,OG0001294,37.1178152309613,0.021042589756179,Non-antimicrobial,0.0,0.0
199,OG0001255,82.32263111888112,0.6643138589874859,Antimicrobial,0.0,0.0
200,OG0001291,66.89762229806598,0.9763272685421568,Antimicrobial,0.0,0.0
201,OG0001333,54.90210204081632,0.7123636484437534,Antimicrobial,0.0,0.0
202,OG0001258,65.93607633587787,0.9854641806390512,Antimicrobial,0.0,0.0
203,OG0001281,59.044821229050285,0.2046821716700625,Non-antimicrobial,0.0,0.0
204,OG0001336,69.73314272950637,0.0048273118559076,Non-antimicrobial,0.0,0.0
205,OG0001249,73.29558404558405,0.5777211360940591,Antimicrobial,0.0,0.0
206,OG0001350,69.40877358490566,0.8319932101147863,Antimicrobial,0.0,0.0
207,OG0001377,32.76360448807854,0.0108039754495392,Non-antimicrobial,0.0,0.0
208,OG0001446,47.73483263598327,0.000401950743837,Non-antimicrobial,0.0,0.0
209,OG0000741,42.76458515283843,0.0955665249893394,Non-antimicrobial,0.0,0.0
210,OG0001476,85.87125673249551,0.4271493352580962,Non-antimicrobial,0.0,0.0
211,OG0001428,42.9837383612663,0.0364341063327705,Non-antimicrobial,0.0,0.0
212,OG0001464,50.47923715203426,0.9701936301839068,Antimicrobial,0.0,0.0
213,OG0001466,63.77439975990396,0.0251736886459299,Non-antimicrobial,0.0,0.0
214,OG0001467,83.66513623424156,0.1372581201089726,Non-antimicrobial,0.0,0.0
215,OG0001471,,,,0.0,1.0
216,OG0001422,53.44156480505795,0.7992324046308804,Antimicrobial,0.0,0.0
217,OG0001420,54.53097744360903,0.911532345483973,Antimicrobial,0.0,0.0
218,OG0001479,53.15764181903423,0.9587371925881224,Antimicrobial,0.0,0.0
219,OG0001100,53.434902439024384,0.7747684175937539,Antimicrobial,0.0,0.0
220,OG0001416,73.51303797468354,0.0508250972322858,Non-antimicrobial,0.0,0.0
221,OG0001412,72.70028141361256,0.9635257762720768,Antimicrobial,0.0,0.0
222,OG0001407,68.64944113263786,0.6812931647154594,Antimicrobial,0.0,0.0
223,OG0001487,50.84520768753875,0.0168159834417826,Non-antimicrobial,0.0,0.0
224,OG0001491,62.45524382520583,0.0,Non-antimicrobial,0.0,0.0
225,OG0001493,28.89961960684197,0.9999482722025804,Antimicrobial,0.0,0.0
226,OG0001494,81.33409124906507,0.0919459546959024,Non-antimicrobial,0.0,0.0
227,OG0001463,75.49964108438336,0.90080949081377,Antimicrobial,0.0,0.0
228,OG0001458,30.267697929354444,0.9999947769925688,Antimicrobial,0.0,0.0
229,OG0001401,48.890883333333335,0.1009133771605882,Non-antimicrobial,0.0,0.0
230,OG0001022,69.08545627376427,0.8491695000394736,Antimicrobial,0.0,0.0
231,OG0001447,38.5482261208577,0.0021552965535759,Non-antimicrobial,0.0,0.0
232,OG0001444,,,,1.0,0.0
233,OG0001443,30.2057253599114,0.186749301156767,Non-antimicrobial,0.0,0.0
234,OG0001063,72.08066037735848,0.6634147715352545,Antimicrobial,0.0,0.0
235,OG0001442,81.82847886347886,0.972897631397842,Antimicrobial,0.0,0.0
236,OG0001441,80.96830795998261,0.7847446415229474,Antimicrobial,0.0,0.0
237,OG0001039,77.46000000000001,0.9624257233127926,Antimicrobial,0.0,0.0
238,OG0001440,61.57752577319588,0.5524347524400329,Antimicrobial,0.0,0.0
239,OG0000998,37.71429643527205,0.0002285158399563,Non-antimicrobial,0.0,0.0
240,OG0001437,,,,1.0,0.0
241,OG0001435,,,,1.0,0.0
242,OG0001018,26.409445933869524,0.1879486510130729,Non-antimicrobial,0.0,0.0
243,OG0001454,,,,0.0,1.0
244,OG0001456,40.226314243759184,0.1682367992935946,Non-antimicrobial,0.0,0.0
245,OG0001004,68.9544091668656,0.9999663993825572,Antimicrobial,0.0,0.0
246,OG0001091,73.95508287292817,0.3957735330250421,Non-antimicrobial,0.0,0.0
247,OG0001146,86.49374954759318,0.0298033540223458,Non-antimicrobial,0.0,0.0
248,OG0001482,27.59070841239722,0.9979054546517488,Antimicrobial,0.0,0.0
249,OG0001321,52.52198302469136,0.1264527352736495,Non-antimicrobial,0.0,0.0
250,OG0000774,87.32013888888889,0.2917737589713969,Non-antimicrobial,0.0,0.0
251,OG0001388,,,,0.0,1.0
252,OG0000859,81.86123361144219,0.9556908493585377,Antimicrobial,0.0,0.0
253,OG0000861,,,,0.0,1.0
254,OG0001396,40.72571022727272,0.000143575623474,Non-antimicrobial,0.0,0.0
255,OG0000776,64.6091201353638,0.9236291583623296,Antimicrobial,0.0,0.0
256,OG0001391,,,,0.0,1.0
257,OG0001203,51.48595524956971,0.0376836043159194,Non-antimicrobial,0.0,0.0
258,OG0001205,,,,1.0,0.0
259,OG0001399,42.92275471698113,0.2873266727367417,Non-antimicrobial,0.0,0.0
260,OG0001328,27.028963474827247,0.1341978093063265,Non-antimicrobial,0.0,0.0
261,OG0001434,70.1286641509434,0.8869489214531772,Antimicrobial,0.0,0.0
262,OG0001515,,,,0.0,1.0
263,OG0001433,,,,0.0,0.0
264,OG0001315,55.47728723404255,0.8048975471693872,Antimicrobial,0.0,0.0
265,OG0001519,43.12051886792453,0.3206897653728918,Non-antimicrobial,0.0,0.0
266,OG0001457,73.14564937675915,0.999091230546888,Antimicrobial,0.0,0.0
267,OG0001525,39.31518226600985,0.0120891249053639,Non-antimicrobial,0.0,0.0
268,OG0001526,50.28415774099318,0.6020257304409226,Antimicrobial,0.0,0.0
269,OG0001455,77.08185983827494,0.8587581041976841,Antimicrobial,0.0,0.0
270,OG0001551,88.5030870712401,0.3847106211628714,Non-antimicrobial,0.0,0.0
271,OG0001537,62.71356020942408,0.9330310917216772,Antimicrobial,0.0,0.0
272,OG0001445,,,,1.0,0.0
273,OG0001544,46.12904185022027,0.9999999256945492,Antimicrobial,0.0,0.0
274,OG0001538,34.2964312267658,0.9999588754884564,Antimicrobial,0.0,0.0
275,OG0001566,49.1796,0.0055869235322948,Non-antimicrobial,0.0,0.0
276,OG0001527,46.63466666666668,0.0008723815303447,Non-antimicrobial,0.0,0.0
277,OG0001528,54.748318033757776,0.9998900098503336,Antimicrobial,0.0,0.0
278,OG0001531,,,,0.0,1.0
279,OG0001535,57.216160140268855,0.7790464496231293,Antimicrobial,0.0,0.0
280,OG0001450,83.99546952224053,0.9371980076329286,Antimicrobial,0.0,0.0
281,OG0001449,84.91189972144848,0.5965176153964703,Antimicrobial,0.0,0.0
282,OG0001542,47.6399052540913,0.1821963064815943,Non-antimicrobial,0.0,0.0
283,OG0001509,55.52393103448276,0.3660183635153185,Non-antimicrobial,0.0,0.0
284,OG0001371,45.66573700543056,0.9986158045241932,Antimicrobial,0.0,0.0
285,OG0001564,34.883322916666664,0.0029742416266355,Non-antimicrobial,0.0,0.0
286,OG0001510,39.34490375123396,0.9999623449539846,Antimicrobial,0.0,0.0
287,OG0001355,40.15150497512438,0.3004894801554848,Non-antimicrobial,0.0,0.0
288,OG0001506,49.75544235924933,0.0026574274185864,Non-antimicrobial,0.0,0.0
289,OG0001511,79.2644466800805,0.7485721334897122,Antimicrobial,0.0,0.0
290,OG0001352,56.4323487544484,0.4419853993596153,Non-antimicrobial,0.0,0.0
291,OG0001560,40.62885467980296,0.1689157003352953,Non-antimicrobial,0.0,0.0
292,OG0001558,40.354805300162255,0.9511409400202624,Antimicrobial,0.0,0.0
293,OG0001489,45.93491789819376,0.9790684505364152,Antimicrobial,0.0,0.0
294,OG0001398,71.0180402788536,0.6125975104963663,Antimicrobial,0.0,0.0
295,OG0001541,65.0430739673391,0.8148615488640676,Antimicrobial,0.0,0.0
296,OG0001565,31.92173810327371,0.9999989881302588,Antimicrobial,0.0,0.0
297,OG0001512,66.59043885601578,0.3641488737904054,Non-antimicrobial,0.0,0.0
298,OG0001414,72.17686855091969,0.7578977170481126,Antimicrobial,0.0,0.0
299,OG0001508,76.28943784639746,0.4140309085220136,Non-antimicrobial,0.0,0.0
300,OG0001563,51.49594786729858,0.0035443110729085,Non-antimicrobial,0.0,0.0
301,OG0001419,33.03027938342967,0.089082909970558,Non-antimicrobial,0.0,0.0
302,OG0001513,40.70597474348856,0.002684610319319,Non-antimicrobial,0.0,0.0
303,OG0001474,46.200597758405976,0.0057813096625335,Non-antimicrobial,0.0,0.0
304,OG0001473,32.568376550169106,0.0547606224661549,Non-antimicrobial,0.0,0.0
305,OG0001341,45.023255605381166,0.1746262958786091,Non-antimicrobial,0.0,0.0
306,OG0001556,,,,0.0,1.0
307,OG0001561,71.1738899521531,0.76517316515556,Antimicrobial,0.0,0.0
308,OG0001472,60.94588734567901,0.5130469758876017,Antimicrobial,0.0,0.0
309,OG0001337,,,,0.0,1.0
310,OG0001394,51.27025348542459,0.8264365205162663,Antimicrobial,0.0,0.0
311,OG0001514,54.22276357827476,0.0458876215012481,Non-antimicrobial,0.0,0.0
312,OG0001363,43.35041170097508,0.3054219353218561,Non-antimicrobial,0.0,0.0
313,OG0001536,61.454515516149456,0.8882549881060476,Antimicrobial,0.0,0.0
314,OG0001124,82.30528050490882,0.2992734865677797,Non-antimicrobial,0.0,0.0
315,OG0001080,80.98126480086114,0.1597435369708845,Non-antimicrobial,0.0,0.0
316,OG0000685,91.3474406779661,0.834925591272529,Antimicrobial,0.0,0.0
317,OG0001253,88.52180783817953,0.764512298415145,Antimicrobial,0.0,0.0
318,OG0001274,71.87224596143825,0.3940735548357796,Non-antimicrobial,0.0,0.0
319,OG0000979,56.79326419213974,0.4337957493256232,Non-antimicrobial,0.0,0.0
320,OG0001041,28.47591958939265,0.9725175920079128,Antimicrobial,0.0,0.0
321,OG0001043,51.231188340807165,0.9913455049026028,Antimicrobial,0.0,0.0
322,OG0001065,45.36295412844037,0.0486351267935171,Non-antimicrobial,0.0,0.0
323,OG0001078,32.92712177121771,0.9996093559759914,Antimicrobial,0.0,0.0
324,OG0000990,,,,1.0,0.0
325,OG0001224,71.30142589118199,0.9657348325244566,Antimicrobial,0.0,0.0
326,OG0001312,79.46654224774404,0.5317231817931874,Antimicrobial,0.0,0.0
327,OG0001082,,,,1.0,0.0
328,OG0001214,42.07706382978724,0.0059599131371544,Non-antimicrobial,0.0,0.0
329,OG0001094,82.28786096256684,0.5851845920051116,Antimicrobial,0.0,0.0
330,OG0001225,39.04495742667928,0.003854078196898,Non-antimicrobial,0.0,0.0
331,OG0001215,37.625332283464566,0.9673281459861144,Antimicrobial,0.0,0.0
332,OG0001439,37.41463567839196,0.2305861680617675,Non-antimicrobial,0.0,0.0
333,OG0001490,31.427230664549786,0.9999999999954494,Antimicrobial,0.0,0.0
334,OG0001534,,,,1.0,0.0
335,OG0001421,41.77225742574257,0.0170190058416144,Non-antimicrobial,0.0,0.0
336,OG0001529,75.5228,0.9373531983521718,Antimicrobial,0.0,0.0
337,OG0001520,64.3397362962963,0.9999688973138258,Antimicrobial,0.0,0.0
338,OG0001517,48.02933186085036,0.8825554633536313,Antimicrobial,0.0,0.0
339,OG0001516,72.7902928468555,0.6879172887128099,Antimicrobial,0.0,0.0
340,OG0001507,,,,1.0,0.0
341,OG0001483,,,,0.0,1.0
342,OG0001488,67.66857991360692,0.6815458429821617,Antimicrobial,0.0,0.0
343,OG0001470,75.5533655394525,0.7037146373297659,Antimicrobial,0.0,0.0
344,OG0001465,,,,0.0,1.0
345,OG0001461,68.51704740406319,0.9824670444439432,Antimicrobial,0.0,0.0
346,OG0001459,75.99546561604585,0.9923242001592932,Antimicrobial,0.0,0.0
347,OG0000746,40.75291472868217,0.0014995648775446,Non-antimicrobial,0.0,0.0
348,OG0001014,44.96089285714285,0.9941277750156018,Antimicrobial,0.0,0.0
349,OG0001066,87.33728554641598,0.9996087070666596,Antimicrobial,0.0,0.0
350,OG0000759,78.4439413202934,0.0779692955921069,Non-antimicrobial,0.0,0.0
351,OG0001314,35.17509609423435,0.0109208699124558,Non-antimicrobial,0.0,0.0
352,OG0001539,,,,0.0,1.0
353,OG0001594,69.18267217630854,0.9571033925854804,Antimicrobial,0.0,0.0
354,OG0001658,48.542608108108105,0.0936167360402773,Non-antimicrobial,0.0,0.0
355,OG0001637,44.7640866873065,0.8634138554906278,Antimicrobial,0.0,0.0
356,OG0001636,78.45543300175541,0.33077635735113,Non-antimicrobial,0.0,0.0
357,OG0001630,69.39386215864761,0.4252861412969657,Non-antimicrobial,0.0,0.0
358,OG0001629,,,,0.0,0.0
359,OG0001627,74.92919354838709,0.6396183863986328,Antimicrobial,0.0,0.0
360,OG0001624,32.90651076158941,0.0,Non-antimicrobial,0.0,0.0
361,OG0001620,44.59569984447901,0.3342089442680802,Non-antimicrobial,0.0,0.0
362,OG0001619,66.82209787321908,0.7806596004056926,Antimicrobial,0.0,0.0
363,OG0001614,54.98910702113157,0.9985143991450256,Antimicrobial,0.0,0.0
364,OG0001610,66.51426309378806,0.7676179354716316,Antimicrobial,0.0,0.0
365,OG0001603,43.11765698219306,0.8054274060268533,Antimicrobial,0.0,0.0
366,OG0001602,61.53951351351351,0.7096571148928066,Antimicrobial,0.0,0.0
367,OG0001601,,,,1.0,0.0
368,OG0001593,31.413277623026925,0.4372850576755793,Non-antimicrobial,0.0,0.0
369,OG0001165,35.271253687315635,0.9999988205725622,Antimicrobial,0.0,0.0
370,OG0001592,67.22245923913044,0.2437871561907135,Non-antimicrobial,0.0,0.0
371,OG0001590,33.44001839362354,0.0163341045897511,Non-antimicrobial,0.0,0.0
372,OG0001589,68.90067309624273,0.989833584789774,Antimicrobial,0.0,0.0
373,OG0001588,63.65369385884509,0.9999046789609513,Antimicrobial,0.0,0.0
374,OG0001587,87.63239287433798,0.1623278569373128,Non-antimicrobial,0.0,0.0
375,OG0001585,37.27958417169685,0.0091670874908543,Non-antimicrobial,0.0,0.0
376,OG0001584,42.03960135970335,0.9745719218774468,Antimicrobial,0.0,0.0
377,OG0001582,,,,0.0,0.0
378,OG0001581,,,,0.0,1.0
379,OG0001579,51.899851678376265,0.9507127763918268,Antimicrobial,0.0,0.0
380,OG0001559,58.49702687877125,0.3719036458570205,Non-antimicrobial,0.0,0.0
381,OG0000640,44.99970792767733,0.9744394915278,Antimicrobial,0.0,0.0
382,OG0001547,37.3185625,0.0026661734725937,Non-antimicrobial,0.0,0.0
383,OG0001545,72.76768867924528,0.9394598738067328,Antimicrobial,0.0,0.0
384,OG0001540,34.397658862876256,0.1831585819642165,Non-antimicrobial,0.0,0.0
385,OG0001557,75.87722651933701,0.6820613092510074,Antimicrobial,0.0,0.0
386,OG0001302,55.89591578947369,0.2688243964215352,Non-antimicrobial,0.0,0.0
387,OG0001343,,,,0.0,1.0
388,OG0001347,50.4356106870229,0.0280193303598235,Non-antimicrobial,0.0,0.0
389,OG0001285,78.06408599729852,0.9188178651722888,Antimicrobial,0.0,0.0
390,OG0001351,54.36194300518135,0.2557514154697172,Non-antimicrobial,0.0,0.0
391,OG0001256,83.98725241545894,0.9999934329445068,Antimicrobial,0.0,0.0
392,OG0001366,81.95926829268292,0.8151010975088036,Antimicrobial,0.0,0.0
393,OG0001270,60.6365234375,0.0883032048073078,Non-antimicrobial,0.0,0.0
394,OG0001368,59.47816875,0.0013690905539382,Non-antimicrobial,0.0,0.0
395,OG0001369,64.94905241935484,0.9625224870293596,Antimicrobial,0.0,0.0
396,OG0001354,52.753235515425125,0.757536545277506,Antimicrobial,0.0,0.0
397,OG0001743,79.4862826420891,0.2838895340735342,Non-antimicrobial,0.0,0.0
398,OG0000966,86.90073099415204,0.0736735929670615,Non-antimicrobial,0.0,0.0
399,OG0001745,86.54649496080627,0.5896052678050315,Antimicrobial,0.0,0.0
400,OG0001583,85.44922857142856,0.4251964367341572,Non-antimicrobial,0.0,0.0
401,OG0001484,82.62710675931775,0.986450237646439,Antimicrobial,0.0,0.0
402,OG0001485,,,,0.0,1.0
403,OG0001275,71.83564665690581,0.9428316993133689,Antimicrobial,0.0,0.0
404,OG0001746,,,,1.0,1.0
405,OG0001719,,,,1.0,0.0
406,OG0001717,74.28280278826605,0.9990861817437506,Antimicrobial,0.0,0.0
407,OG0001469,54.83855849582174,0.2130587395986318,Non-antimicrobial,0.0,0.0
408,OG0001749,44.10030440414508,0.0010796287433025,Non-antimicrobial,0.0,0.0
409,OG0001334,78.6088611599297,0.0082168422438539,Non-antimicrobial,0.0,0.0
410,OG0001577,,,,0.0,1.0
411,OG0001591,30.54045698924731,0.5162498563784903,Antimicrobial,0.0,0.0
412,OG0001752,84.7347989623865,0.4873299143810651,Non-antimicrobial,0.0,0.0
413,OG0001298,74.72952955367913,0.8938838433661687,Antimicrobial,0.0,0.0
414,OG0001595,71.32205089820359,0.0819570663069304,Non-antimicrobial,0.0,0.0
415,OG0001599,,,,0.0,1.0
416,OG0001755,44.807850445918135,0.9838965501038384,Antimicrobial,0.0,0.0
417,OG0001714,53.949695364238416,0.5672991789369588,Antimicrobial,0.0,0.0
418,OG0001757,61.57956062107698,0.9999999733040308,Antimicrobial,0.0,0.0
419,OG0001486,41.54027544691718,0.0,Non-antimicrobial,0.0,0.0
420,OG0000696,,,,0.0,1.0
421,OG0001720,66.35028767711465,0.3546659047850322,Non-antimicrobial,0.0,0.0
422,OG0001721,31.45016849816849,0.9998976704657684,Antimicrobial,0.0,0.0
423,OG0001731,41.43009324009325,0.0,Non-antimicrobial,0.0,0.0
424,OG0001732,34.84808791208791,0.0005239133775515,Non-antimicrobial,0.0,0.0
425,OG0001532,47.924452554744526,0.7651631600327095,Antimicrobial,0.0,0.0
426,OG0001533,44.37265720081136,0.6114226379889137,Antimicrobial,0.0,0.0
427,OG0001521,30.790113220113216,0.9999997217020624,Antimicrobial,0.0,0.0
428,OG0001254,80.61011340893928,0.9358120183327489,Antimicrobial,0.0,0.0
429,OG0000809,93.01285714285714,0.8144236755755451,Antimicrobial,0.0,0.0
430,OG0001518,48.03262996941896,0.0067402616608823,Non-antimicrobial,0.0,0.0
431,OG0001357,,,,0.0,1.0
432,OG0001239,36.12197564276049,0.9944005095964418,Antimicrobial,0.0,0.0
433,OG0001728,57.520497427101205,0.0115220672288705,Non-antimicrobial,0.0,0.0
434,OG0001727,75.10220682523268,0.375100099565532,Non-antimicrobial,0.0,0.0
435,OG0001699,,,,1.0,1.0
436,OG0001726,49.7979727216367,0.9931761267718904,Antimicrobial,0.0,0.0
437,OG0001725,40.899397944199706,0.2552975200044336,Non-antimicrobial,0.0,0.0
438,OG0001261,59.87834961997828,0.7923721476347729,Antimicrobial,0.0,0.0
439,OG0001549,61.01181098901099,0.126966622533181,Non-antimicrobial,0.0,0.0
440,OG0001550,71.44866943866946,0.4392357432059306,Non-antimicrobial,0.0,0.0
441,OG0000661,46.31768895348838,0.2448574746310233,Non-antimicrobial,0.0,0.0
442,OG0001552,30.53525383707202,0.5765719001749271,Antimicrobial,0.0,0.0
443,OG0001553,33.94020348837209,0.7373107903095265,Antimicrobial,0.0,0.0
444,OG0001554,37.7658658008658,0.0,Non-antimicrobial,0.0,0.0
445,OG0001562,,,,1.0,0.0
446,OG0000405,,,,0.0,0.0
447,OG0000895,23.432146892655368,0.5548020986165692,Antimicrobial,0.0,0.0
448,OG0001567,70.98983498349835,0.0298720738457687,Non-antimicrobial,0.0,0.0
449,OG0001452,87.34734914544819,0.9977403193531694,Antimicrobial,0.0,0.0
450,OG0001572,69.49219712525668,0.01883845159434,Non-antimicrobial,0.0,0.0
451,OG0001756,51.14079452054794,0.0963995348428833,Non-antimicrobial,0.0,0.0
452,OG0001451,48.92435917114352,0.042386657857821,Non-antimicrobial,0.0,0.0
453,OG0001313,74.18707914572865,0.6442068305646975,Antimicrobial,0.0,0.0
454,OG0001639,45.08638609332114,0.4081627063783233,Non-antimicrobial,0.0,0.0
455,OG0001108,81.99704204204204,0.9196041874301306,Antimicrobial,0.0,0.0
456,OG0001111,51.16120145631068,0.9959619912316447,Antimicrobial,0.0,0.0
457,OG0001211,,,,0.0,1.0
458,OG0001641,46.25244927536232,0.0303180038008161,Non-antimicrobial,0.0,0.0
459,OG0001646,35.0699829205807,0.919928891394028,Antimicrobial,0.0,0.0
460,OG0001650,45.798855129898726,0.6165989764715181,Antimicrobial,0.0,0.0
461,OG0001384,75.57883780332057,0.7320619883735183,Antimicrobial,0.0,0.0
462,OG0001652,34.790350132626,0.9971149971174053,Antimicrobial,0.0,0.0
463,OG0001700,34.65048209366391,0.453254589790445,Non-antimicrobial,0.0,0.0
464,OG0001679,75.76112268518519,0.9120068714912298,Antimicrobial,0.0,0.0
465,OG0001406,76.827513321492,0.7217077886513483,Antimicrobial,0.0,0.0
466,OG0001142,59.63105633802816,0.4113447618385479,Non-antimicrobial,0.0,0.0
467,OG0001404,50.864648187633264,0.006481923465279,Non-antimicrobial,0.0,0.0
468,OG0001403,40.48784495659982,0.0,Non-antimicrobial,0.0,0.0
469,OG0001680,,,,1.0,0.0
470,OG0001682,49.73733466933868,0.9690468032956346,Antimicrobial,0.0,0.0
471,OG0001683,69.20018072289157,0.648425772259388,Antimicrobial,0.0,0.0
472,OG0001684,52.35685648801128,0.0,Non-antimicrobial,0.0,0.0
473,OG0001685,73.84283333333333,0.3025015636614481,Non-antimicrobial,0.0,0.0
474,OG0001686,51.884242738589215,0.4384935118273431,Non-antimicrobial,0.0,0.0
475,OG0001395,67.47709371293001,0.7093100918847133,Antimicrobial,0.0,0.0
476,OG0001689,40.85106606606606,0.0737743159489945,Non-antimicrobial,0.0,0.0
477,OG0001691,39.94575462512172,0.3214672958437503,Non-antimicrobial,0.0,0.0
478,OG0001695,,,,0.0,1.0
479,OG0001705,80.93019908116386,0.9390041370231582,Antimicrobial,0.0,0.0
480,OG0001642,88.45380393799748,0.4555403314441792,Non-antimicrobial,0.0,0.0
481,OG0001767,69.07734714003944,0.907378528755608,Antimicrobial,0.0,0.0
482,OG0001323,25.63747344461305,0.9694440241978854,Antimicrobial,0.0,0.0
483,OG0001758,,,,0.0,1.0
484,OG0001448,24.44830043859649,0.998947536953469,Antimicrobial,0.0,0.0
485,OG0001609,90.96585247883918,0.9425830418149184,Antimicrobial,0.0,0.0
486,OG0001059,64.72949233209943,0.8597318146589036,Antimicrobial,0.0,0.0
487,OG0001308,,,,0.0,1.0
488,OG0001326,39.32541609822646,0.4699214325401633,Non-antimicrobial,0.0,0.0
489,OG0001712,73.14259071980963,0.3843817175094991,Non-antimicrobial,0.0,0.0
490,OG0001730,85.04423717521652,0.298652850553703,Non-antimicrobial,0.0,0.0
491,OG0001707,48.75787046123651,0.9788078822486168,Antimicrobial,0.0,0.0
492,OG0001711,57.59553729456384,0.5697368259857205,Antimicrobial,0.0,0.0
493,OG0001633,26.832990817665063,0.9999983426286214,Antimicrobial,0.0,0.0
494,OG0001716,65.18480087380273,0.0016443682996625,Non-antimicrobial,0.0,0.0
495,OG0001628,74.41513576415826,0.310342091294423,Non-antimicrobial,0.0,0.0
496,OG0001681,78.67278321678322,0.3589198288100546,Non-antimicrobial,0.0,0.0
497,OG0001596,78.56813061106284,0.9634871690009584,Antimicrobial,0.0,0.0
498,OG0001613,50.16292350416562,0.9512545224937288,Antimicrobial,0.0,0.0
499,OG0001578,,,,0.0,1.0
500,OG0001709,80.29576346699068,0.6225983119511801,Antimicrobial,0.0,0.0
501,OG0001729,37.887736351531295,0.0001791889911861,Non-antimicrobial,0.0,0.0
502,OG0001615,47.08368421052632,0.3032615455110284,Non-antimicrobial,0.0,0.0
503,OG0001606,53.37809121621621,0.4474359322660041,Non-antimicrobial,0.0,0.0
504,OG0001690,76.00041802136555,0.9596276851205808,Antimicrobial,0.0,0.0
505,OG0001692,,,,0.0,1.0
506,OG0001856,77.73833165829146,0.9912477841089092,Antimicrobial,0.0,0.0
507,OG0001694,,,,0.0,1.0
508,OG0001273,73.09826868495742,0.760523690376,Antimicrobial,0.0,0.0
509,OG0000730,77.78838709677419,0.9639130085598442,Antimicrobial,0.0,0.0
510,OG0001387,54.0394130675526,0.2218221539212134,Non-antimicrobial,0.0,0.0
511,OG0001722,74.92321356275303,0.8531620200881013,Antimicrobial,0.0,0.0
512,OG0001803,,,,0.0,1.0
513,OG0001853,58.02362573099415,0.3920951923283073,Non-antimicrobial,0.0,0.0
514,OG0001604,78.42974025974026,0.3479448662213964,Non-antimicrobial,0.0,0.0
515,OG0001845,39.51204813906842,0.0053280588302828,Non-antimicrobial,0.0,0.0
516,OG0001623,,,,0.0,1.0
517,OG0001621,72.56003123605534,0.9727224800529348,Antimicrobial,0.0,0.0
518,OG0001724,74.71296806966619,0.5622734381870059,Antimicrobial,0.0,0.0
519,OG0001657,57.379263157894734,0.0444368245013642,Non-antimicrobial,0.0,0.0
520,OG0001618,38.675,0.0220900151710552,Non-antimicrobial,0.0,0.0
521,OG0001867,72.74663965681601,0.8538156801256975,Antimicrobial,0.0,0.0
522,OG0001866,28.280727684346704,0.9875279177671696,Antimicrobial,0.0,0.0
523,OG0001863,68.88249362870026,0.9995887439459836,Antimicrobial,0.0,0.0
524,OG0001634,,,,1.0,0.0
525,OG0001678,51.70134738426796,0.0149075541467125,Non-antimicrobial,0.0,0.0
526,OG0001324,48.01588717948718,0.007755233945034,Non-antimicrobial,0.0,0.0
527,OG0001635,47.34714041095891,0.6681578163084685,Antimicrobial,0.0,0.0
528,OG0001698,,,,1.0,0.0
529,OG0001821,47.01082684824903,0.2937657921927024,Non-antimicrobial,0.0,0.0
530,OG0001826,,,,0.0,0.0
531,OG0001786,56.189655172413794,4.028143486163314e-05,Non-antimicrobial,0.0,0.0
532,OG0001830,34.63297120418848,0.6140290953634977,Antimicrobial,0.0,0.0
533,OG0001060,,,,0.0,1.0
534,OG0001785,66.24988479262672,0.2211429668577587,Non-antimicrobial,0.0,0.0
535,OG0001827,45.85925531914894,0.0064458933184406,Non-antimicrobial,0.0,0.0
536,OG0001813,67.4907585335019,0.8276495517765856,Antimicrobial,0.0,0.0
537,OG0001840,44.71873786407767,0.9989503229492408,Antimicrobial,0.0,0.0
538,OG0001812,51.33263046916184,0.9771534138684904,Antimicrobial,0.0,0.0
539,OG0001425,,,,0.0,1.0
540,OG0001114,82.20273402674592,0.6763214439241096,Antimicrobial,0.0,0.0
541,OG0001360,24.17909090909091,0.9999880927746474,Antimicrobial,0.0,0.0
542,OG0001836,67.90082324455206,0.3605106515295867,Non-antimicrobial,0.0,0.0
543,OG0001460,34.0759385665529,0.0265558048222405,Non-antimicrobial,0.0,0.0
544,OG0001835,36.14306569343066,0.0507587415993996,Non-antimicrobial,0.0,0.0
545,OG0001834,31.761755780346824,0.9935580446519284,Antimicrobial,0.0,0.0
546,OG0001783,,,,0.0,1.0
547,OG0001462,56.697919143876334,0.4164581590642038,Non-antimicrobial,0.0,0.0
548,OG0001810,72.64844036697248,0.1369581441260619,Non-antimicrobial,0.0,0.0
549,OG0001477,69.26294661190965,0.5503391543462065,Antimicrobial,0.0,0.0
550,OG0001831,47.75363886974501,0.9211823244950108,Antimicrobial,0.0,0.0
551,OG0001782,39.363027718550114,0.0001127920463003,Non-antimicrobial,0.0,0.0
552,OG0001828,79.98503267973857,0.6045684459249061,Antimicrobial,0.0,0.0
553,OG0000956,45.81030575539568,0.0012710630818405,Non-antimicrobial,0.0,0.0
554,OG0001841,71.91851385390429,0.0242707024690699,Non-antimicrobial,0.0,0.0
555,OG0001814,42.01332332332332,0.9995366957300028,Antimicrobial,0.0,0.0
556,OG0001816,61.51285960167199,0.0,Non-antimicrobial,0.0,0.0
557,OG0001791,27.7834035656402,0.0239286828158848,Non-antimicrobial,0.0,0.0
558,OG0001798,,,,0.0,1.0
559,OG0001844,61.79947231270359,0.1270217941377858,Non-antimicrobial,0.0,0.0
560,OG0001805,57.54928982725528,0.2520987704432781,Non-antimicrobial,0.0,0.0
561,OG0001796,,,,0.0,1.0
562,OG0001795,88.26048808172531,0.0900849709230323,Non-antimicrobial,0.0,0.0
563,OG0000836,30.542008670520232,0.565107469234059,Antimicrobial,0.0,0.0
564,OG0001794,,,,0.0,1.0
565,OG0001179,55.390426179604255,0.0280764426514129,Non-antimicrobial,0.0,0.0
566,OG0001793,64.83757749712973,0.444066035446567,Non-antimicrobial,0.0,0.0
567,OG0001825,84.07578196872124,0.5574633657243321,Antimicrobial,0.0,0.0
568,OG0001818,93.40591418820088,0.5740820807250973,Antimicrobial,0.0,0.0
569,OG0001402,73.81395918367346,0.987667011792654,Antimicrobial,0.0,0.0
570,OG0001734,71.44793848711554,0.4958862326959297,Non-antimicrobial,0.0,0.0
571,OG0001790,26.064315161377817,0.0,Non-antimicrobial,0.0,0.0
572,OG0001764,80.75098684210526,0.5891038214016935,Antimicrobial,0.0,0.0
573,OG0001400,45.288388888888896,0.0031763991234776,Non-antimicrobial,0.0,0.0
574,OG0001817,55.11341978287092,0.0560499126658489,Non-antimicrobial,0.0,0.0
575,OG0001408,43.11073436083409,0.3414230853080885,Non-antimicrobial,0.0,0.0
576,OG0001787,,,,1.0,0.0
577,OG0001811,77.16930555555555,0.9214934226942186,Antimicrobial,0.0,0.0
578,OG0001911,39.77664248704663,0.4435242625622469,Non-antimicrobial,0.0,0.0
579,OG0001625,78.94387364921032,0.814353232289571,Antimicrobial,0.0,0.0
580,OG0001925,78.18968957871398,0.996929276678272,Antimicrobial,0.0,0.0
581,OG0001815,31.150290381125224,0.8264064518114785,Antimicrobial,0.0,0.0
582,OG0001913,,,,0.0,1.0
583,OG0001912,65.0159021406728,0.9622715373862684,Antimicrobial,0.0,0.0
584,OG0001640,83.75023477622891,0.9478353584275973,Antimicrobial,0.0,0.0
585,OG0001851,,,,1.0,0.0
586,OG0001706,64.60393100097183,0.556097402537022,Antimicrobial,0.0,0.0
587,OG0001643,,,,0.0,1.0
588,OG0001380,,,,0.0,1.0
589,OG0001778,35.35989436619718,0.5365469796332127,Antimicrobial,0.0,0.0
590,OG0001910,,,,1.0,0.0
591,OG0001984,,,,0.0,1.0
592,OG0001809,81.79773605742685,0.9108997688870916,Antimicrobial,0.0,0.0
593,OG0001781,56.177574685534594,0.1508676534048331,Non-antimicrobial,0.0,0.0
594,OG0001697,37.24676007005255,0.9088291502521854,Antimicrobial,0.0,0.0
595,OG0001855,39.09823445318084,0.998934819696078,Antimicrobial,0.0,0.0
596,OG0001857,65.63219076005961,0.8382103406918907,Antimicrobial,0.0,0.0
597,OG0001687,40.26636891410476,0.0,Non-antimicrobial,0.0,0.0
598,OG0001789,32.63257322175732,0.0151687490525949,Non-antimicrobial,0.0,0.0
599,OG0001788,42.38972602739726,0.3185684288860445,Non-antimicrobial,0.0,0.0
600,OG0001677,71.3148987854251,0.2155175395675314,Non-antimicrobial,0.0,0.0
601,OG0001858,50.36062966700303,0.0,Non-antimicrobial,0.0,0.0
602,OG0001859,74.57360057609218,0.6463762774997798,Antimicrobial,0.0,0.0
603,OG0001860,51.15445054945055,0.724022325184537,Antimicrobial,0.0,0.0
604,OG0001862,57.71069090909091,0.3573595732793568,Non-antimicrobial,0.0,0.0
605,OG0001410,73.05998793727382,0.9791702572392716,Antimicrobial,0.0,0.0
606,OG0001865,60.78745617306976,0.0084871393186749,Non-antimicrobial,0.0,0.0
607,OG0001784,69.61050646950092,0.9825936375268,Antimicrobial,0.0,0.0
608,OG0001895,,,,0.0,1.0
609,OG0001897,48.64015345268543,0.0369634838180847,Non-antimicrobial,0.0,0.0
610,OG0001898,85.16087292300492,0.0189314211458149,Non-antimicrobial,0.0,0.0
611,OG0001899,51.12383954154728,0.3568078392064238,Non-antimicrobial,0.0,0.0
612,OG0001701,82.99924209614552,0.996707567228501,Antimicrobial,0.0,0.0
613,OG0001901,65.15358341559724,0.8880477342719922,Antimicrobial,0.0,0.0
614,OG0001702,53.64898543445505,0.142887044780984,Non-antimicrobial,0.0,0.0
615,OG0001903,39.031666666666666,3.1817892127533977e-06,Non-antimicrobial,0.0,0.0
616,OG0001659,27.653943789664552,0.950158855851612,Antimicrobial,0.0,0.0
617,OG0001085,41.13181818181818,0.00554790926597,Non-antimicrobial,0.0,0.0
618,OG0001656,64.23549697493517,0.6951019076742004,Antimicrobial,0.0,0.0
619,OG0001904,,,,0.0,1.0
620,OG0001905,89.29753603603604,0.2061567841584441,Non-antimicrobial,0.0,0.0
621,OG0001906,60.41383013230901,0.9999969433795456,Antimicrobial,0.0,0.0
622,OG0001854,,,,0.0,1.0
623,OG0001316,,,,0.0,1.0
624,OG0001762,50.13748822605966,0.009364726971497,Non-antimicrobial,0.0,0.0
625,OG0001927,38.11989194499017,0.5854248731244392,Antimicrobial,0.0,0.0
626,OG0001822,66.16086480569238,0.3184425440295694,Non-antimicrobial,0.0,0.0
627,OG0001502,47.417203065134096,0.0095946858540142,Non-antimicrobial,0.0,0.0
628,OG0002002,33.70538461538462,0.4821707424514013,Non-antimicrobial,0.0,0.0
629,OG0002004,75.83581330128206,0.4243421035086937,Non-antimicrobial,0.0,0.0
630,OG0001966,38.03065762004175,0.0157549647416512,Non-antimicrobial,0.0,0.0
631,OG0001267,80.53783894823336,0.6793201016278426,Antimicrobial,0.0,0.0
632,OG0001961,79.83786046511628,0.2722340231218134,Non-antimicrobial,0.0,0.0
633,OG0002006,74.53480848153215,0.9611919339146489,Antimicrobial,0.0,0.0
634,OG0001959,70.8608431372549,0.5278647396782962,Antimicrobial,0.0,0.0
635,OG0001958,48.86790896159317,0.4407728441646503,Non-antimicrobial,0.0,0.0
636,OG0002009,,,,0.0,1.0
637,OG0001957,55.27657142857143,0.2199469168737974,Non-antimicrobial,0.0,0.0
638,OG0002012,64.32116604208706,0.9995265153531876,Antimicrobial,0.0,0.0
639,OG0001954,38.424895448954494,0.0021219067097661,Non-antimicrobial,0.0,0.0
640,OG0002018,77.3581969123216,0.0836724368762885,Non-antimicrobial,0.0,0.0
641,OG0001952,30.98156295224313,0.9957560703843,Antimicrobial,0.0,0.0
642,OG0002001,60.9588681948424,0.4173913962658095,Non-antimicrobial,0.0,0.0
643,OG0002000,66.0418807810894,0.758623069591931,Antimicrobial,0.0,0.0
644,OG0001842,71.14231722428748,0.9123270131260178,Antimicrobial,0.0,0.0
645,OG0001993,88.60249001331557,0.7136247411358709,Antimicrobial,0.0,0.0
646,OG0001975,,,,0.0,1.0
647,OG0001988,30.326295479603083,0.4400116998755217,Non-antimicrobial,0.0,0.0
648,OG0001991,44.76520078999342,0.988577240511544,Antimicrobial,0.0,0.0
649,OG0001973,49.5523631840796,0.0078732722954947,Non-antimicrobial,0.0,0.0
650,OG0001972,69.59079868708972,0.3352777212182019,Non-antimicrobial,0.0,0.0
651,OG0000817,63.333507109004735,0.8230715455871563,Antimicrobial,0.0,0.0
652,OG0000869,28.10564705882353,0.0666839640201611,Non-antimicrobial,0.0,0.0
653,OG0001967,42.02148501362398,0.0063577102475075,Non-antimicrobial,0.0,0.0
654,OG0001994,,,,0.0,1.0
655,OG0001995,63.97742424242424,0.9521322258861774,Antimicrobial,0.0,0.0
656,OG0001970,69.6265934065934,0.0126749812868691,Non-antimicrobial,0.0,0.0
657,OG0000878,33.30126794258373,0.8731081336503793,Antimicrobial,0.0,0.0
658,OG0001735,45.65817047817048,0.1733575814353455,Non-antimicrobial,0.0,0.0
659,OG0001997,,,,0.0,1.0
660,OG0001951,82.22743354277429,0.1983393777339689,Non-antimicrobial,0.0,0.0
661,OG0002023,50.25283797729618,0.7890756395520859,Antimicrobial,0.0,0.0
662,OG0001949,30.980168067226888,0.8900994614150727,Antimicrobial,0.0,0.0
663,OG0001936,51.32347519902021,0.0206248842904906,Non-antimicrobial,0.0,0.0
664,OG0001301,62.47497000856898,0.9998438973734436,Antimicrobial,0.0,0.0
665,OG0001453,,,,0.0,1.0
666,OG0001713,67.28623486682808,0.716904847802236,Antimicrobial,0.0,0.0
667,OG0001370,36.76713366690493,0.4183167044476565,Non-antimicrobial,0.0,0.0
668,OG0001937,66.85117063492063,0.3546766150792999,Non-antimicrobial,0.0,0.0
669,OG0001759,83.10387114537446,0.003278843333545,Non-antimicrobial,0.0,0.0
670,OG0001608,39.15985950827898,0.9929221433902056,Antimicrobial,0.0,0.0
671,OG0001715,,,,0.0,1.0
672,OG0001935,53.19932572614108,0.5377990129134734,Antimicrobial,0.0,0.0
673,OG0001934,64.86667115902965,0.8778105054677162,Antimicrobial,0.0,0.0
674,OG0001978,71.09269402985073,0.8298386967411416,Antimicrobial,0.0,0.0
675,OG0001928,82.18052083333333,0.3184077086017265,Non-antimicrobial,0.0,0.0
676,OG0001824,83.05477600311647,0.6617150415164263,Antimicrobial,0.0,0.0
677,OG0001311,75.65451058201057,0.896493006255767,Antimicrobial,0.0,0.0
678,OG0001837,48.27824969400245,0.9417946318467046,Antimicrobial,0.0,0.0
679,OG0001012,,,,0.0,1.0
680,OG0001940,48.86691228070176,0.0106021399077284,Non-antimicrobial,0.0,0.0
681,OG0000983,48.781216429699846,0.016856851174893,Non-antimicrobial,0.0,0.0
682,OG0001945,54.397777777777776,0.05815416364433,Non-antimicrobial,0.0,0.0
683,OG0001944,94.1191480654762,0.371119915498414,Non-antimicrobial,0.0,0.0
684,OG0001833,,,,0.0,1.0
685,OG0001580,77.3435201793722,0.0295240027029268,Non-antimicrobial,0.0,0.0
686,OG0001481,65.70851684263448,0.1235187635665553,Non-antimicrobial,0.0,0.0
687,OG0000945,81.45500000000001,0.9146213439094998,Antimicrobial,0.0,0.0
688,OG0001478,63.9076416337286,0.9595336843078596,Antimicrobial,0.0,0.0
689,OG0001942,,,,0.0,1.0
690,OG0001718,,,,1.0,0.0
691,OG0001748,,,,0.0,1.0
692,OG0001750,33.30603421461897,0.8955091309814642,Antimicrobial,0.0,0.0
693,OG0000980,32.16784928027095,0.6065105092299933,Antimicrobial,0.0,0.0
694,OG0001829,36.579105824446266,0.3555892845928324,Non-antimicrobial,0.0,0.0
695,OG0001799,83.59652611705475,0.4129103364653805,Non-antimicrobial,0.0,0.0
696,OG0001806,61.81472985561248,0.961499292968066,Antimicrobial,0.0,0.0
697,OG0001852,85.58360030804774,0.8565653165345402,Antimicrobial,0.0,0.0
698,OG0001823,82.49140508221225,0.9637111218323792,Antimicrobial,0.0,0.0
699,OG0002104,70.31564825253665,0.8242593236658217,Antimicrobial,0.0,0.0
700,OG0001861,65.56068673565382,0.1808181388265959,Non-antimicrobial,0.0,0.0
701,OG0002122,42.17928571428571,0.0047396860677941,Non-antimicrobial,0.0,0.0
702,OG0002065,50.55057096512572,0.999967511472262,Antimicrobial,0.0,0.0
703,OG0002064,,,,0.0,1.0
704,OG0002063,89.70085251798561,0.0199599303981347,Non-antimicrobial,0.0,0.0
705,OG0002062,59.691087984862826,0.0912328320900298,Non-antimicrobial,0.0,0.0
706,OG0002111,23.997598627787305,0.9967592708303368,Antimicrobial,0.0,0.0
707,OG0002061,83.53021691013723,0.1962761644545858,Non-antimicrobial,0.0,0.0
708,OG0002112,51.88780051150894,0.9878068764430704,Antimicrobial,0.0,0.0
709,OG0002060,,,,0.0,0.0
710,OG0002116,47.2069693877551,0.9136116398433972,Antimicrobial,0.0,0.0
711,OG0002118,,,,1.0,1.0
712,OG0002123,39.4499534883721,0.091976516830865,Non-antimicrobial,0.0,0.0
713,OG0001900,77.6387426132633,0.9148875695087144,Antimicrobial,0.0,0.0
714,OG0002059,82.57324835690102,0.9967011311985154,Antimicrobial,0.0,0.0
715,OG0002055,,,,0.0,1.0
716,OG0002054,79.8841120305538,0.0662016915846333,Non-antimicrobial,0.0,0.0
717,OG0002124,62.503620443173695,0.996650396082966,Antimicrobial,0.0,0.0
718,OG0002051,37.991512071156286,0.0008353230064626,Non-antimicrobial,0.0,0.0
719,OG0002050,,,,0.0,0.0
720,OG0002125,42.86765498652291,0.0101813983624892,Non-antimicrobial,0.0,0.0
721,OG0002049,75.05599576831526,0.8467464384495285,Antimicrobial,0.0,0.0
722,OG0002127,46.27113607990013,0.8971957489438956,Antimicrobial,0.0,0.0
723,OG0002047,29.66280877742947,0.9999863756427212,Antimicrobial,0.0,0.0
724,OG0002067,,,,1.0,0.0
725,OG0002072,86.77776000000001,0.5286103513719986,Antimicrobial,0.0,0.0
726,OG0002073,56.25021624219126,0.9491108724611378,Antimicrobial,0.0,0.0
727,OG0002075,35.18829155060352,0.4111883705024673,Non-antimicrobial,0.0,0.0
728,OG0002103,66.06119909502262,0.8547916727326417,Antimicrobial,0.0,0.0
729,OG0002102,59.11655052264809,0.0793367761106759,Non-antimicrobial,0.0,0.0
730,OG0002101,78.22551231702964,0.9926500142936132,Antimicrobial,0.0,0.0
731,OG0002100,45.31785890073831,0.9628983382412064,Antimicrobial,0.0,0.0
732,OG0002099,46.009043535620044,0.003698038825702,Non-antimicrobial,0.0,0.0
733,OG0002098,35.60718370264475,0.0085713011273164,Non-antimicrobial,0.0,0.0
734,OG0002110,36.74471321695761,0.0158229824076453,Non-antimicrobial,0.0,0.0
735,OG0002096,,,,0.0,0.0
736,OG0002095,26.612593627724983,0.9999872004426744,Antimicrobial,0.0,0.0
737,OG0002094,62.132151125401926,0.0187086376265478,Non-antimicrobial,0.0,0.0
738,OG0002093,,,,1.0,0.0
739,OG0002092,32.238364451082894,0.9940664309003384,Antimicrobial,0.0,0.0
740,OG0002091,52.97719851576994,0.055112812854293,Non-antimicrobial,0.0,0.0
741,OG0002090,43.291515827017385,0.0375135237302395,Non-antimicrobial,0.0,0.0
742,OG0002089,36.89753305385359,0.1991930654053224,Non-antimicrobial,0.0,0.0
743,OG0002088,45.83192825112108,0.4185015744060035,Non-antimicrobial,0.0,0.0
744,OG0002086,63.22768292682926,0.990041505930376,Antimicrobial,0.0,0.0
745,OG0002085,70.1475623268698,0.9416139251284564,Antimicrobial,0.0,0.0
746,OG0002084,,,,0.0,1.0
747,OG0002083,53.42967284193931,0.92393435634085,Antimicrobial,0.0,0.0
748,OG0002079,59.95668604651164,0.6278203745152803,Antimicrobial,0.0,0.0
749,OG0002045,36.68766112266112,0.238650253302064,Non-antimicrobial,0.0,0.0
750,OG0002133,82.13485557083905,0.3292524950163914,Non-antimicrobial,0.0,0.0
751,OG0002134,62.10973173515982,0.6073396469906278,Antimicrobial,0.0,0.0
752,OG0002152,35.36338658146965,0.0305131510738745,Non-antimicrobial,0.0,0.0
753,OG0001950,84.24174479166666,0.3067712050337564,Non-antimicrobial,0.0,0.0
754,OG0001948,34.528246097337004,0.0042482720002486,Non-antimicrobial,0.0,0.0
755,OG0001946,42.880589353612166,0.0287501473920466,Non-antimicrobial,0.0,0.0
756,OG0002155,29.93004142931124,0.2250054544156343,Non-antimicrobial,0.0,0.0
757,OG0002159,51.36539845758354,0.9989734693016996,Antimicrobial,0.0,0.0
758,OG0002160,24.95590703679793,0.9686972593352712,Antimicrobial,0.0,0.0
759,OG0002162,51.91524191526698,0.755903242275026,Antimicrobial,0.0,0.0
760,OG0001939,41.52591853035143,0.9594264586883914,Antimicrobial,0.0,0.0
761,OG0001938,67.9682281553398,0.2246931975702795,Non-antimicrobial,0.0,0.0
762,OG0002165,58.2733379501385,0.8685857562971258,Antimicrobial,0.0,0.0
763,OG0001929,76.10876581065543,0.9896656035165128,Antimicrobial,0.0,0.0
764,OG0002169,31.54391519434629,0.9974254919896934,Antimicrobial,0.0,0.0
765,OG0002178,82.25440700808626,0.3078469919641307,Non-antimicrobial,0.0,0.0
766,OG0002180,,,,1.0,0.0
767,OG0001922,79.82896273917423,0.2645179049102371,Non-antimicrobial,0.0,0.0
768,OG0001915,59.36969072164949,0.0108331702131801,Non-antimicrobial,0.0,0.0
769,OG0002189,38.00212406015037,0.0042453242814302,Non-antimicrobial,0.0,0.0
770,OG0001914,68.43034461152882,0.8670351644264772,Antimicrobial,0.0,0.0
771,OG0001909,65.32355013550135,0.521057287108675,Antimicrobial,0.0,0.0
772,OG0001907,48.60409090909091,0.568128832846157,Antimicrobial,0.0,0.0
773,OG0001902,,,,0.0,1.0
774,OG0001956,78.75830980233965,0.9860175759605684,Antimicrobial,0.0,0.0
775,OG0001968,80.37012687427914,0.0669253016272565,Non-antimicrobial,0.0,0.0
776,OG0002044,30.616552132701425,0.0263407814728902,Non-antimicrobial,0.0,0.0
777,OG0002149,45.75094527363184,0.0634741605683686,Non-antimicrobial,0.0,0.0
778,OG0002043,24.882549938850385,0.9999984133123304,Antimicrobial,0.0,0.0
779,OG0002042,47.3605,0.0079377960290262,Non-antimicrobial,0.0,0.0
780,OG0002041,70.7607478753541,0.9982585408296974,Antimicrobial,0.0,0.0
781,OG0002039,80.18772435073284,0.2543931508496788,Non-antimicrobial,0.0,0.0
782,OG0002137,,,,1.0,0.0
783,OG0002038,36.400069124423965,0.7350621585121486,Antimicrobial,0.0,0.0
784,OG0002139,33.40936028659161,0.1650728783696109,Non-antimicrobial,0.0,0.0
785,OG0002031,30.556674968866748,0.9999750392210722,Antimicrobial,0.0,0.0
786,OG0002028,50.334590769230765,0.50259052986037,Antimicrobial,0.0,0.0
787,OG0002015,81.67112054329372,0.7153011999035335,Antimicrobial,0.0,0.0
788,OG0002005,77.98454664914586,0.993973125644862,Antimicrobial,0.0,0.0
789,OG0001999,69.57497474747476,0.7456814125207633,Antimicrobial,0.0,0.0
790,OG0002140,,,,0.0,1.0
791,OG0001996,58.154194857916096,0.159258337843537,Non-antimicrobial,0.0,0.0
792,OG0002143,77.06157365510305,0.6646509651995697,Antimicrobial,0.0,0.0
793,OG0001987,33.07335329341317,0.0012483564269957,Non-antimicrobial,0.0,0.0
794,OG0001986,64.21625333333334,0.8584785866568065,Antimicrobial,0.0,0.0
795,OG0001983,32.72039913700108,0.179305346113517,Non-antimicrobial,0.0,0.0
796,OG0001981,70.41236966824644,0.3431328517356721,Non-antimicrobial,0.0,0.0
797,OG0002146,,,,0.0,1.0
798,OG0002147,83.08423295454546,0.6063495567166937,Antimicrobial,0.0,0.0
799,OG0002163,33.904791356184795,0.2255931839032178,Non-antimicrobial,0.0,0.0
800,OG0002193,56.27121332014508,0.0888868804353069,Non-antimicrobial,0.0,0.0
801,OG0001622,48.71887240356084,0.4117121571170895,Non-antimicrobial,0.0,0.0
802,OG0001761,50.23786532951289,0.995901289452787,Antimicrobial,0.0,0.0
803,OG0001753,35.26987791342952,0.0912553356495031,Non-antimicrobial,0.0,0.0
804,OG0001102,32.33400183150183,0.0499800032238085,Non-antimicrobial,0.0,0.0
805,OG0001427,83.1794827586207,0.1033859658571774,Non-antimicrobial,0.0,0.0
806,OG0001737,38.40918294849023,0.5585878864074127,Antimicrobial,0.0,0.0
807,OG0001733,68.63810144927535,0.7051269645073386,Antimicrobial,0.0,0.0
808,OG0001723,33.09858921161826,0.0105761270798605,Non-antimicrobial,0.0,0.0
809,OG0001704,77.68621546961327,0.9869404530481544,Antimicrobial,0.0,0.0
810,OG0001418,88.91918309859155,0.8687288593146109,Antimicrobial,0.0,0.0
811,OG0001688,56.47596174282678,0.3234998276245366,Non-antimicrobial,0.0,0.0
812,OG0001123,,,,1.0,1.0
813,OG0001505,74.68127957931638,0.4503691871534377,Non-antimicrobial,0.0,0.0
814,OG0001524,90.155313059034,0.8748611804359961,Antimicrobial,0.0,0.0
815,OG0000795,80.93188314606742,0.0927019235620078,Non-antimicrobial,0.0,0.0
816,OG0001392,54.36202380952381,0.9893055328286834,Antimicrobial,0.0,0.0
817,OG0000608,72.28423162583519,0.8003572288897591,Antimicrobial,0.0,0.0
818,OG0001349,77.59009422110552,0.1087834722310469,Non-antimicrobial,0.0,0.0
819,OG0001651,43.05266213389122,0.9198307390222956,Antimicrobial,0.0,0.0
820,OG0001586,84.57459507042255,0.7752514552792403,Antimicrobial,0.0,0.0
821,OG0001631,38.49253999999999,0.6573273350625254,Antimicrobial,0.0,0.0
822,OG0001626,67.05758075601375,0.787721740100204,Antimicrobial,0.0,0.0
823,OG0001231,,,,0.0,1.0
824,OG0001754,26.96200151057402,0.9999999924504124,Antimicrobial,0.0,0.0
825,OG0000860,85.9824251497006,0.6660305022749875,Antimicrobial,0.0,0.0
826,OG0001779,66.0274150141643,0.712530068169514,Antimicrobial,0.0,0.0
827,OG0001436,34.668411371237454,0.0205098814625092,Non-antimicrobial,0.0,0.0
828,OG0001780,82.9430585106383,0.7193353046057501,Antimicrobial,0.0,0.0
829,OG0001438,,,,1.0,0.0
830,OG0002353,75.60153047989624,0.209142180604901,Non-antimicrobial,0.0,0.0
831,OG0001964,24.09478615071283,0.9991363372122668,Antimicrobial,0.0,0.0
832,OG0002108,72.15140906269399,0.9970676434848038,Antimicrobial,0.0,0.0
833,OG0000219,83.94893522626441,0.8103332212004393,Antimicrobial,0.0,0.0
834,OG0002451,31.156035182679297,0.0008766465928115,Non-antimicrobial,0.0,0.0
835,OG0000512,77.233463430633,0.1815841903943787,Non-antimicrobial,0.0,0.0
836,OG0002056,63.574054360135904,0.165265811917886,Non-antimicrobial,0.0,0.0
837,OG0001960,,,,1.0,0.0
838,OG0002107,26.26977647058824,0.1512881448986457,Non-antimicrobial,0.0,0.0
839,OG0001962,26.91333571939872,0.9610434891635852,Antimicrobial,0.0,0.0
840,OG0002106,82.64654877353111,0.0531283790231211,Non-antimicrobial,0.0,0.0
841,OG0002105,27.863002352941177,0.9999525117521614,Antimicrobial,0.0,0.0
842,OG0002316,85.14039164490862,0.2084517690173157,Non-antimicrobial,0.0,0.0
843,OG0002317,50.89389060432289,2.693373608729962e-05,Non-antimicrobial,0.0,0.0
844,OG0002318,84.95994699646643,0.257251908361114,Non-antimicrobial,0.0,0.0
845,OG0001546,70.37331541218637,0.100492000666044,Non-antimicrobial,0.0,0.0
846,OG0002319,57.58017514124293,0.4589278048798152,Non-antimicrobial,0.0,0.0
847,OG0001543,68.71511056511056,0.825559892908351,Antimicrobial,0.0,0.0
848,OG0002320,65.56556586270871,0.9991195250043003,Antimicrobial,0.0,0.0
849,OG0002321,38.87653189577718,0.9009745088807248,Antimicrobial,0.0,0.0
850,OG0002328,59.53042297650131,0.5767629621358156,Antimicrobial,0.0,0.0
851,OG0002358,41.91035797925728,0.3366077369839662,Non-antimicrobial,0.0,0.0
852,OG0000126,64.80795620437956,0.0482863738362937,Non-antimicrobial,0.0,0.0
853,OG0001568,32.129670682730925,0.4008526361835873,Non-antimicrobial,0.0,0.0
854,OG0002329,73.70470680218922,0.8103956514790908,Antimicrobial,0.0,0.0
855,OG0002314,40.05063616071429,0.7351628312312646,Antimicrobial,0.0,0.0
856,OG0002052,42.47340812613705,0.0131355014252387,Non-antimicrobial,0.0,0.0
857,OG0002362,32.517791644999136,0.0,Non-antimicrobial,0.0,0.0
858,OG0001372,76.56678089304258,0.3344798355390324,Non-antimicrobial,0.0,0.0
859,OG0001373,82.78515590200445,0.4273907012323269,Non-antimicrobial,0.0,0.0
860,OG0002364,71.8261396011396,0.0842687303989797,Non-antimicrobial,0.0,0.0
861,OG0002306,79.79718975468975,0.2717940147251126,Non-antimicrobial,0.0,0.0
862,OG0002307,63.64517660044151,0.2826985705978489,Non-antimicrobial,0.0,0.0
863,OG0002119,42.93635294117647,0.0037826154928432,Non-antimicrobial,0.0,0.0
864,OG0001374,63.23808988764044,0.6807363571967125,Antimicrobial,0.0,0.0
865,OG0001597,89.0819795221843,0.9883754626729268,Antimicrobial,0.0,0.0
866,OG0001941,,,,0.0,1.0
867,OG0002048,79.90338274420372,0.0379929583506928,Non-antimicrobial,0.0,0.0
868,OG0001943,40.77498985801217,0.4179720308052089,Non-antimicrobial,0.0,0.0
869,OG0002309,48.09271708683473,0.0634261697419239,Non-antimicrobial,0.0,0.0
870,OG0002115,89.5637106918239,0.769137201947958,Antimicrobial,0.0,0.0
871,OG0002114,39.42869565217392,0.0371310310862607,Non-antimicrobial,0.0,0.0
872,OG0001947,33.29404947916667,0.1494967597312392,Non-antimicrobial,0.0,0.0
873,OG0002113,75.09914196567863,0.1525184102243361,Non-antimicrobial,0.0,0.0
874,OG0002310,71.14708185053381,0.8697369294347396,Antimicrobial,0.0,0.0
875,OG0002365,67.4344891640867,0.3790835253508344,Non-antimicrobial,0.0,0.0
876,OG0002312,,,,0.0,1.0
877,OG0002097,45.7577037037037,0.0004521453058358,Non-antimicrobial,0.0,0.0
878,OG0001530,35.21286601138127,0.0241009868660132,Non-antimicrobial,0.0,0.0
879,OG0002352,,,,1.0,0.0
880,OG0002081,41.70395437262357,0.9229250260036246,Antimicrobial,0.0,0.0
881,OG0002416,52.9191403734707,0.0246186807216649,Non-antimicrobial,0.0,0.0
882,OG0001122,91.526261682243,0.5173385401063996,Antimicrobial,0.0,0.0
883,OG0002414,50.36367107195301,0.4217086955207797,Non-antimicrobial,0.0,0.0
884,OG0002223,52.16001170960188,0.0122494109943307,Non-antimicrobial,0.0,0.0
885,OG0002344,72.17089820359281,0.4408255522840244,Non-antimicrobial,0.0,0.0
886,OG0002374,23.98888563049853,0.4489994680647214,Non-antimicrobial,0.0,0.0
887,OG0002376,66.04318524727577,0.401577142063845,Non-antimicrobial,0.0,0.0
888,OG0002404,,,,0.0,1.0
889,OG0002347,30.03222935044106,0.9897002463229744,Antimicrobial,0.0,0.0
890,OG0002036,67.15789048473968,0.7291111513128149,Antimicrobial,0.0,0.0
891,OG0002349,78.02153153153152,0.5651559968537375,Antimicrobial,0.0,0.0
892,OG0002397,34.513558429118774,0.1753121180157011,Non-antimicrobial,0.0,0.0
893,OG0002350,62.817846607669615,0.0842157562424562,Non-antimicrobial,0.0,0.0
894,OG0002395,,,,0.0,0.0
895,OG0001492,54.894,0.9835819434963452,Antimicrobial,0.0,0.0
896,OG0002069,55.18856885688569,0.963617412212318,Antimicrobial,0.0,0.0
897,OG0002390,33.8357210626186,0.0066280602339087,Non-antimicrobial,0.0,0.0
898,OG0002389,62.78941077441078,0.8864126160127946,Antimicrobial,0.0,0.0
899,OG0002066,,,,0.0,1.0
900,OG0002355,34.41227556409026,0.9999993229488808,Antimicrobial,0.0,0.0
901,OG0002354,35.08275320970043,0.0104144835024298,Non-antimicrobial,0.0,0.0
902,OG0002080,43.1984631033845,0.9993278818297334,Antimicrobial,0.0,0.0
903,OG0000940,42.035989010989006,0.0233358039901854,Non-antimicrobial,0.0,0.0
904,OG0001161,87.66947470817121,0.5127207955968393,Antimicrobial,0.0,0.0
905,OG0002341,,,,0.0,0.0
906,OG0000797,81.07296373056995,0.9532246502926446,Antimicrobial,0.0,0.0
907,OG0002332,84.61372957942301,0.996516712949833,Antimicrobial,0.0,0.0
908,OG0000798,80.03324306025728,0.9812245380033324,Antimicrobial,0.0,0.0
909,OG0000799,62.118024534686974,0.9998449435382336,Antimicrobial,0.0,0.0
910,OG0001985,36.57627019089575,0.9947399972611392,Antimicrobial,0.0,0.0
911,OG0000957,46.87465789473684,0.0005822633431691,Non-antimicrobial,0.0,0.0
912,OG0001523,67.69251193887297,0.2625737219155899,Non-antimicrobial,0.0,0.0
913,OG0002334,83.84541297935104,0.6154068037514864,Antimicrobial,0.0,0.0
914,OG0001990,,,,0.0,0.0
915,OG0001522,62.8824649859944,0.0056848060725875,Non-antimicrobial,0.0,0.0
916,OG0001992,48.77325337331334,0.9809971925013148,Antimicrobial,0.0,0.0
917,OG0002126,84.8945826977555,0.8689902923659163,Antimicrobial,0.0,0.0
918,OG0000877,43.95341428571429,0.9210626136198776,Antimicrobial,0.0,0.0
919,OG0002337,31.03849180327869,0.999980360685743,Antimicrobial,0.0,0.0
920,OG0002087,62.92656518010292,0.9956028130575316,Antimicrobial,0.0,0.0
921,OG0002368,48.48992236024844,0.9398058165590306,Antimicrobial,0.0,0.0
922,OG0002339,49.10355151515152,0.0063049684245849,Non-antimicrobial,0.0,0.0
923,OG0000955,86.1074039580908,0.42447255452293,Non-antimicrobial,0.0,0.0
924,OG0002357,56.43608294930876,0.0777680637811976,Non-antimicrobial,0.0,0.0
925,OG0002340,,,,0.0,1.0
926,OG0002356,53.88619396903015,0.4193483992084483,Non-antimicrobial,0.0,0.0
927,OG0002305,,,,1.0,0.0
928,OG0002224,,,,0.0,1.0
929,OG0002270,34.87137130801688,0.0456955620143519,Non-antimicrobial,0.0,0.0
930,OG0002243,61.18187086092715,0.9626550928237372,Antimicrobial,0.0,0.0
931,OG0002245,83.091568,0.1894260048020493,Non-antimicrobial,0.0,0.0
932,OG0002246,32.688873355263155,0.9986779441539236,Antimicrobial,0.0,0.0
933,OG0002196,,,,1.0,0.0
934,OG0002195,,,,1.0,0.0
935,OG0002194,28.05738899120115,0.0,Non-antimicrobial,0.0,0.0
936,OG0001843,57.81115909090909,0.0001740839998247,Non-antimicrobial,0.0,0.0
937,OG0002249,44.40662459491728,0.3685979916507313,Non-antimicrobial,0.0,0.0
938,OG0002252,,,,1.0,0.0
939,OG0001710,71.54198787878788,0.8981586679725225,Antimicrobial,0.0,0.0
940,OG0002188,38.771532769556025,0.9865185720522592,Antimicrobial,0.0,0.0
941,OG0002254,,,,1.0,0.0
942,OG0002255,,,,1.0,0.0
943,OG0002185,63.96132424537488,0.9352255788717888,Antimicrobial,0.0,0.0
944,OG0002263,58.356653491436106,0.6191170369133379,Antimicrobial,0.0,0.0
945,OG0002264,73.62661818886949,0.0348111971247655,Non-antimicrobial,0.0,0.0
946,OG0002265,81.99056640625,0.1308619325194437,Non-antimicrobial,0.0,0.0
947,OG0002267,58.98049965301873,0.5760898307805072,Antimicrobial,0.0,0.0
948,OG0001864,66.9055930359086,0.950536956009548,Antimicrobial,0.0,0.0
949,OG0002272,35.43512150668287,0.9312731021353586,Antimicrobial,0.0,0.0
950,OG0002273,,,,1.0,0.0
951,OG0002274,53.35063362609787,0.0029778852853414,Non-antimicrobial,0.0,0.0
952,OG0002275,80.28400117855038,0.0562483145525788,Non-antimicrobial,0.0,0.0
953,OG0002171,62.64026905829596,0.1061189797799881,Non-antimicrobial,0.0,0.0
954,OG0002244,47.13270155586987,0.7666801277312991,Antimicrobial,0.0,0.0
955,OG0001744,40.611638418079096,0.215401797555569,Non-antimicrobial,0.0,0.0
956,OG0001322,31.15932249322493,0.7089623932168332,Antimicrobial,0.0,0.0
957,OG0001832,43.407616979024446,0.9999988498329224,Antimicrobial,0.0,0.0
958,OG0002225,41.09823214285714,0.0481926498095293,Non-antimicrobial,0.0,0.0
959,OG0001804,50.61649214659686,0.2971280288275957,Non-antimicrobial,0.0,0.0
960,OG0001797,66.65312123817714,0.7922975463240878,Antimicrobial,0.0,0.0
961,OG0001792,34.963462401795724,0.4292758300409724,Non-antimicrobial,0.0,0.0
962,OG0002226,58.67108876257105,0.380765614946349,Non-antimicrobial,0.0,0.0
963,OG0002227,,,,0.0,1.0
964,OG0002231,46.20308016877637,0.1473124949863478,Non-antimicrobial,0.0,0.0
965,OG0002216,32.01231868131868,0.6202939421230376,Antimicrobial,0.0,0.0
966,OG0002215,37.01292580101181,0.0283607970452859,Non-antimicrobial,0.0,0.0
967,OG0002232,33.59288101265823,0.0152765817018803,Non-antimicrobial,0.0,0.0
968,OG0002213,38.04664961636828,0.0010799524932562,Non-antimicrobial,0.0,0.0
969,OG0002233,,,,0.0,1.0
970,OG0002234,80.05315118397085,0.9264986456346672,Antimicrobial,0.0,0.0
971,OG0002235,34.13632508833923,0.5035428743781474,Antimicrobial,0.0,0.0
972,OG0002236,,,,0.0,1.0
973,OG0002208,75.30638948943954,1.500999336370958e-05,Non-antimicrobial,0.0,0.0
974,OG0002237,33.75298875788319,0.999524596877329,Antimicrobial,0.0,0.0
975,OG0002238,,,,0.0,1.0
976,OG0002239,31.74699320148331,0.5634700214710506,Antimicrobial,0.0,0.0
977,OG0002240,75.02518871252205,0.9864666478471286,Antimicrobial,0.0,0.0
978,OG0002203,71.47151857835217,0.7620491821206591,Antimicrobial,0.0,0.0
979,OG0002242,36.68682829888712,0.1162754778681668,Non-antimicrobial,0.0,0.0
980,OG0001747,49.84011088892929,0.9999651065280168,Antimicrobial,0.0,0.0
981,OG0002170,23.73300675675676,0.999999999995486,Antimicrobial,0.0,0.0
982,OG0002361,47.4102068617558,0.9856627129688452,Antimicrobial,0.0,0.0
983,OG0002276,33.96977697095436,0.9721760491936056,Antimicrobial,0.0,0.0
984,OG0002151,,,,1.0,0.0
985,OG0002148,75.9688530927835,0.6606174870605688,Antimicrobial,0.0,0.0
986,OG0001896,,,,0.0,1.0
987,OG0002288,24.742721134368672,0.999181064297858,Antimicrobial,0.0,0.0
988,OG0002289,,,,0.0,1.0
989,OG0002144,60.16263033175355,0.9655642318423824,Antimicrobial,0.0,0.0
990,OG0002291,50.41932038834951,0.7184368578963511,Antimicrobial,0.0,0.0
991,OG0002142,52.17494672131148,0.9922782194851386,Antimicrobial,0.0,0.0
992,OG0002141,46.16984597156398,0.9288735234153211,Antimicrobial,0.0,0.0
993,OG0001655,63.99893055555555,0.0828125991281084,Non-antimicrobial,0.0,0.0
994,OG0002293,47.66989270386266,0.0692626092594444,Non-antimicrobial,0.0,0.0
995,OG0001653,59.12353963083605,0.7944743799835453,Antimicrobial,0.0,0.0
996,OG0002294,49.8905035971223,0.5858268000969886,Antimicrobial,0.0,0.0
997,OG0002138,75.6662256993836,0.7736619662590976,Antimicrobial,0.0,0.0
998,OG0001234,38.328502415458935,0.684430159368887,Antimicrobial,0.0,0.0
999,OG0002295,72.21442815249267,0.3168245614544716,Non-antimicrobial,0.0,0.0
1000,OG0002296,60.29768990634756,0.8969479928213793,Antimicrobial,0.0,0.0
1001,OG0001644,59.03761565836299,0.773386380067491,Antimicrobial,0.0,0.0
1002,OG0001638,77.18503896882494,0.9946004035745376,Antimicrobial,0.0,0.0
1003,OG0002298,72.67859041394335,0.8403606182960079,Antimicrobial,0.0,0.0
1004,OG0001916,75.46063920454546,0.9203449548524416,Antimicrobial,0.0,0.0
1005,OG0001917,41.35008827523767,0.9999997405528224,Antimicrobial,0.0,0.0
1006,OG0002300,,,,0.0,0.0
1007,OG0002131,,,,0.0,1.0
1008,OG0002301,44.04204118173679,0.0018757453180094,Non-antimicrobial,0.0,0.0
1009,OG0001924,,,,1.0,0.0
1010,OG0001926,76.67877018206802,0.9774513880624138,Antimicrobial,0.0,0.0
1011,OG0002360,56.26648720211828,0.4551738176471955,Non-antimicrobial,0.0,0.0
1012,OG0002150,57.16578262888992,0.3727276484682327,Non-antimicrobial,0.0,0.0
1013,OG0002287,58.14364570737606,0.6170158226262893,Antimicrobial,0.0,0.0
1014,OG0002161,38.70796782387807,0.0065382084188657,Non-antimicrobial,0.0,0.0
1015,OG0002279,,,,0.0,0.0
1016,OG0001335,41.78497981157471,0.1936342850028295,Non-antimicrobial,0.0,0.0
1017,OG0002286,45.54831818181818,0.0372208423512411,Non-antimicrobial,0.0,0.0
1018,OG0002280,33.6434984358707,0.4567771639182329,Non-antimicrobial,0.0,0.0
1019,OG0002281,34.24113951789627,0.9999998535181296,Antimicrobial,0.0,0.0
1020,OG0002158,51.88504451038576,0.0988803294413001,Non-antimicrobial,0.0,0.0
1021,OG0002282,51.03710702341137,0.0074187930028448,Non-antimicrobial,0.0,0.0
1022,OG0002283,34.65050516647531,0.0289709586633005,Non-antimicrobial,0.0,0.0
1023,OG0002284,26.04551952837141,0.0147356381762539,Non-antimicrobial,0.0,0.0
1024,OG0002285,59.84769759450172,0.1443154494111084,Non-antimicrobial,0.0,0.0
1025,OG0002153,24.79172169333604,0.9999999999999868,Antimicrobial,0.0,0.0
1026,OG0002164,58.916204055766784,0.3656448379321714,Non-antimicrobial,0.0,0.0
1027,OG0002278,43.22609634551496,0.0004082030937617,Non-antimicrobial,0.0,0.0
1028,OG0002277,51.31149820788531,0.0467495811056894,Non-antimicrobial,0.0,0.0
1029,OG0002167,48.409235569422776,0.9773104334416122,Antimicrobial,0.0,0.0
1030,OG0002271,77.25491118077325,0.9495917410192306,Antimicrobial,0.0,0.0
1031,OG0002230,55.702943107221,0.2657994498761465,Non-antimicrobial,0.0,0.0
1032,OG0002302,50.14466926070039,0.0026678131375555,Non-antimicrobial,0.0,0.0
1033,OG0002299,34.186091751213056,0.5794536168411161,Antimicrobial,0.0,0.0
1034,OG0002359,62.37122318404215,0.2061655215717873,Non-antimicrobial,0.0,0.0
1035,OG0002333,81.34664971751413,0.6122971058566024,Antimicrobial,0.0,0.0
1036,OG0002308,77.6838406940063,0.0606521852859499,Non-antimicrobial,0.0,0.0
1037,OG0002303,45.1404069767442,0.0009905673490119,Non-antimicrobial,0.0,0.0
1038,OG0002268,,,,0.0,1.0
1039,OG0002775,29.5607267053054,0.6090087247038227,Antimicrobial,0.0,0.0
1040,OG0002335,70.59323547400612,0.005346009049354,Non-antimicrobial,0.0,0.0
1041,OG0002336,,,,1.0,0.0
1042,OG0002266,78.15551117129317,0.9924628918628356,Antimicrobial,0.0,0.0
1043,OG0002256,72.65466448445171,0.5322771040528532,Antimicrobial,0.0,0.0
1044,OG0002351,,,,0.0,1.0
1045,OG0002253,54.32446643717728,0.9797814947490404,Antimicrobial,0.0,0.0
1046,OG0002251,34.48737133370227,0.0604337551031,Non-antimicrobial,0.0,0.0
1047,OG0002342,,,,0.0,1.0
1048,OG0002247,75.51262944983817,0.7533555143149754,Antimicrobial,0.0,0.0
1049,OG0002343,71.98966604823747,0.9999920287925992,Antimicrobial,0.0,0.0
1050,OG0002330,,,,1.0,0.0
1051,OG0002348,,,,0.0,1.0
1052,OG0002250,86.00806679209784,0.9862144700840956,Antimicrobial,0.0,0.0
1053,OG0002304,39.39860655737705,0.0808919613138033,Non-antimicrobial,0.0,0.0
1054,OG0002437,60.93991314418066,0.4879468337106528,Non-antimicrobial,0.0,0.0
1055,OG0002363,71.12883833494675,0.0192950142313152,Non-antimicrobial,0.0,0.0
1056,OG0002525,54.21774811772759,0.9996095729097336,Antimicrobial,0.0,0.0
1057,OG0002515,80.50498985801217,0.971471552609747,Antimicrobial,0.0,0.0
1058,OG0002629,23.640687583444592,0.9934522597835804,Antimicrobial,0.0,0.0
1059,OG0002628,75.89374527112233,0.219670968045021,Non-antimicrobial,0.0,0.0
1060,OG0002626,91.59865384615384,0.0142692544146095,Non-antimicrobial,0.0,0.0
1061,OG0002624,48.22239583333334,0.8453741795508051,Antimicrobial,0.0,0.0
1062,OG0002622,77.23657801986542,0.7841874877729452,Antimicrobial,0.0,0.0
1063,OG0002522,55.27773039889959,0.9999987783693968,Antimicrobial,0.0,0.0
1064,OG0002620,73.6089303482587,0.1237660617395992,Non-antimicrobial,0.0,0.0
1065,OG0002619,29.335099290780143,0.8977354535729545,Antimicrobial,0.0,0.0
1066,OG0002774,29.88523110785033,0.9885922461116166,Antimicrobial,0.0,0.0
1067,OG0002527,,,,0.0,1.0
1068,OG0002617,58.44862455726092,0.9945195975015308,Antimicrobial,0.0,0.0
1069,OG0002529,86.32983438485805,0.6118367096855313,Antimicrobial,0.0,0.0
1070,OG0002532,43.05223463687151,7.147365550865116e-06,Non-antimicrobial,0.0,0.0
1071,OG0002533,55.82387907749845,0.0037884675769361,Non-antimicrobial,0.0,0.0
1072,OG0002534,39.31737419945105,0.4673412462662349,Non-antimicrobial,0.0,0.0
1073,OG0002535,75.0798047229791,0.999985199512309,Antimicrobial,0.0,0.0
1074,OG0002536,30.14913426265591,0.0676632940455689,Non-antimicrobial,0.0,0.0
1075,OG0002514,54.823220164609054,0.9998214360818932,Antimicrobial,0.0,0.0
1076,OG0002511,76.66331688055281,0.7619684966989076,Antimicrobial,0.0,0.0
1077,OG0002508,57.30252420470264,0.9081176771576548,Antimicrobial,0.0,0.0
1078,OG0002636,47.92784905660377,0.2131501453346619,Non-antimicrobial,0.0,0.0
1079,OG0002644,69.72706578947367,0.8357578757698134,Antimicrobial,0.0,0.0
1080,OG0002643,30.09249226804124,0.9999999526528136,Antimicrobial,0.0,0.0
1081,OG0002490,31.60351302785265,0.8664258640409984,Antimicrobial,0.0,0.0
1082,OG0002491,,,,0.0,1.0
1083,OG0002492,,,,0.0,1.0
1084,OG0002642,,,,0.0,1.0
1085,OG0002494,,,,0.0,1.0
1086,OG0002495,37.71659685863874,0.9716342511489864,Antimicrobial,0.0,0.0
1087,OG0002641,46.93818000399122,0.9996275629960804,Antimicrobial,0.0,0.0
1088,OG0002497,66.35180877483442,0.999783946696559,Antimicrobial,0.0,0.0
1089,OG0002498,80.72691979522185,0.8225326767198651,Antimicrobial,0.0,0.0
1090,OG0002640,32.94268672756582,0.7541463051000133,Antimicrobial,0.0,0.0
1091,OG0002500,,,,0.0,1.0
1092,OG0002501,,,,0.0,1.0
1093,OG0002639,80.50941497093022,0.0128110706582567,Non-antimicrobial,0.0,0.0
1094,OG0002503,25.320353680901235,0.0,Non-antimicrobial,0.0,0.0
1095,OG0002506,46.2257058534186,0.0004041438183124,Non-antimicrobial,0.0,0.0
1096,OG0002538,28.30586170212766,0.9998643255643036,Antimicrobial,0.0,0.0
1097,OG0002604,68.17424021838035,0.5685933887438974,Antimicrobial,0.0,0.0
1098,OG0002540,,,,0.0,0.0
1099,OG0002562,30.7947256744468,0.9999566307916196,Antimicrobial,0.0,0.0
1100,OG0002564,,,,0.0,1.0
1101,OG0002565,58.57551795580111,0.8601153526840433,Antimicrobial,0.0,0.0
1102,OG0002566,63.39518610421836,0.7383376057359737,Antimicrobial,0.0,0.0
1103,OG0002597,62.4556690454951,0.438551024983318,Non-antimicrobial,0.0,0.0
1104,OG0002568,82.18630481055769,0.0081388906781878,Non-antimicrobial,0.0,0.0
1105,OG0002569,,,,0.0,1.0
1106,OG0002570,38.15855783526612,0.0535286065306234,Non-antimicrobial,0.0,0.0
1107,OG0002572,48.465160575858256,0.5428226829498078,Antimicrobial,0.0,0.0
1108,OG0002594,32.97757607555089,0.9936495622860664,Antimicrobial,0.0,0.0
1109,OG0002574,51.14790060851927,0.0911414283958505,Non-antimicrobial,0.0,0.0
1110,OG0002592,71.7495895977245,0.9685679739139416,Antimicrobial,0.0,0.0
1111,OG0002590,37.45237687366167,0.0032309090696923,Non-antimicrobial,0.0,0.0
1112,OG0002577,,,,0.0,1.0
1113,OG0002589,84.80201605288006,0.3197368920299192,Non-antimicrobial,0.0,0.0
1114,OG0002579,54.91160458452721,0.5075358355941696,Antimicrobial,0.0,0.0
1115,OG0002580,69.66768285431121,0.9526305227618288,Antimicrobial,0.0,0.0
1116,OG0002582,17.63520804947071,0.0,Non-antimicrobial,0.0,0.0
1117,OG0002563,90.33643533123028,0.8673634410059468,Antimicrobial,0.0,0.0
1118,OG0002561,75.4017062937063,0.1144121426946293,Non-antimicrobial,0.0,0.0
1119,OG0002541,39.53618657937807,0.8477564247266279,Antimicrobial,0.0,0.0
1120,OG0002560,77.1403414134517,0.8746447674690617,Antimicrobial,0.0,0.0
1121,OG0002542,32.92649325626204,0.9925219804348852,Antimicrobial,0.0,0.0
1122,OG0002544,,,,1.0,0.0
1123,OG0002545,44.07612485276797,0.2840856032322875,Non-antimicrobial,0.0,0.0
1124,OG0002546,26.349872389791184,0.4613506438718961,Non-antimicrobial,0.0,0.0
1125,OG0002547,36.33089447236181,0.1922415395771577,Non-antimicrobial,0.0,0.0
1126,OG0002548,37.6664847715736,0.1715873353631388,Non-antimicrobial,0.0,0.0
1127,OG0002549,53.51360620422232,0.9624513149249154,Antimicrobial,0.0,0.0
1128,OG0002550,52.08664012135002,0.856847170070934,Antimicrobial,0.0,0.0
1129,OG0002551,51.51568389057752,0.9272725664671984,Antimicrobial,0.0,0.0
1130,OG0002552,45.74318571428572,0.1626697891495252,Non-antimicrobial,0.0,0.0
1131,OG0002553,,,,0.0,1.0
1132,OG0002599,55.67426253687316,0.0284521826055889,Non-antimicrobial,0.0,0.0
1133,OG0002555,36.92612685560054,0.0318731736402696,Non-antimicrobial,0.0,0.0
1134,OG0002556,35.32505268050821,0.0,Non-antimicrobial,0.0,0.0
1135,OG0002557,82.74656084656084,0.4757354645018415,Non-antimicrobial,0.0,0.0
1136,OG0002598,84.29589691763518,0.0017902489279741,Non-antimicrobial,0.0,0.0
1137,OG0002559,36.5387721691678,0.0003474821693223,Non-antimicrobial,0.0,0.0
1138,OG0002487,,,,0.0,1.0
1139,OG0002645,38.85691909385113,0.1344607914610801,Non-antimicrobial,0.0,0.0
1140,OG0002646,61.39383429672447,0.3280438340506498,Non-antimicrobial,0.0,0.0
1141,OG0002717,75.61695150115473,0.0760775136223591,Non-antimicrobial,0.0,0.0
1142,OG0002703,32.4398845892736,0.9999999989669022,Antimicrobial,0.0,0.0
1143,OG0002700,24.95439743589744,0.9797881597512748,Antimicrobial,0.0,0.0
1144,OG0002698,,,,0.0,0.0
1145,OG0002695,30.492421253579383,0.9732593078943842,Antimicrobial,0.0,0.0
1146,OG0002686,54.68986694677872,0.504412076029839,Antimicrobial,0.0,0.0
1147,OG0002424,39.03670212765957,0.5652927165624045,Antimicrobial,0.0,0.0
1148,OG0002425,68.24929835265407,0.0360410894087968,Non-antimicrobial,0.0,0.0
1149,OG0002426,36.20910059171598,0.9995368518058378,Antimicrobial,0.0,0.0
1150,OG0002427,43.475551894563424,0.000891068260409,Non-antimicrobial,0.0,0.0
1151,OG0002429,54.70320485058467,0.4075548518138365,Non-antimicrobial,0.0,0.0
1152,OG0002430,55.591973333333335,0.0723035870688426,Non-antimicrobial,0.0,0.0
1153,OG0002684,75.03369756097561,0.2896125700589776,Non-antimicrobial,0.0,0.0
1154,OG0002681,,,,0.0,1.0
1155,OG0002433,31.043832487309647,0.9547733964239402,Antimicrobial,0.0,0.0
1156,OG0002434,,,,0.0,0.0
1157,OG0002435,52.42856681034483,0.0001684638594085,Non-antimicrobial,0.0,0.0
1158,OG0002436,,,,1.0,0.0
1159,OG0002706,56.81815505397448,0.0004765995138322,Non-antimicrobial,0.0,0.0
1160,OG0002722,53.75545294635005,0.0119753359510508,Non-antimicrobial,0.0,0.0
1161,OG0002439,75.28752819262421,0.9672642826231268,Antimicrobial,0.0,0.0
1162,OG0002732,29.96117533718689,0.3024613099666391,Non-antimicrobial,0.0,0.0
1163,OG0002773,84.64647138503216,0.4719396881700716,Non-antimicrobial,0.0,0.0
1164,OG0002772,38.80409891984082,0.6657226241582882,Antimicrobial,0.0,0.0
1165,OG0002371,,,,1.0,0.0
1166,OG0002766,35.65007772020726,0.3396570334559761,Non-antimicrobial,0.0,0.0
1167,OG0002765,53.907349917081255,0.928728758594224,Antimicrobial,0.0,0.0
1168,OG0002380,47.79316516347239,0.999981834048508,Antimicrobial,0.0,0.0
1169,OG0002764,56.05419709634844,0.9977362524941444,Antimicrobial,0.0,0.0
1170,OG0002382,,,,0.0,1.0
1171,OG0002761,23.10489344035428,0.9999973975419538,Antimicrobial,0.0,0.0
1172,OG0002755,,,,0.0,0.0
1173,OG0002754,77.46661578947369,0.0113510076020778,Non-antimicrobial,0.0,0.0
1174,OG0002746,65.27980000000001,0.0234648005516747,Non-antimicrobial,0.0,0.0
1175,OG0002745,52.79970198675497,0.5865398543828412,Antimicrobial,0.0,0.0
1176,OG0002396,28.6300251572327,0.4756436258746548,Non-antimicrobial,0.0,0.0
1177,OG0002398,40.86568588469186,0.0753220582056209,Non-antimicrobial,0.0,0.0
1178,OG0002743,42.90653310839309,0.8662491831800351,Antimicrobial,0.0,0.0
1179,OG0002400,44.65727979274611,0.6330779619147113,Antimicrobial,0.0,0.0
1180,OG0002438,31.498127428127425,0.1629806320325476,Non-antimicrobial,0.0,0.0
1181,OG0002440,,,,0.0,1.0
1182,OG0002647,69.93020746887967,0.8182245819394153,Antimicrobial,0.0,0.0
1183,OG0002669,,,,0.0,1.0
1184,OG0002661,,,,0.0,1.0
1185,OG0002656,,,,0.0,1.0
1186,OG0002655,47.77128579146408,0.112302536691703,Non-antimicrobial,0.0,0.0
1187,OG0002654,30.81850301984469,0.9999756755471728,Antimicrobial,0.0,0.0
1188,OG0002653,43.55857142857143,0.0562148060077984,Non-antimicrobial,0.0,0.0
1189,OG0002652,34.7335405998537,0.938430027614619,Antimicrobial,0.0,0.0
1190,OG0002473,,,,0.0,1.0
1191,OG0002474,73.90006640106242,0.9939418179718688,Antimicrobial,0.0,0.0
1192,OG0002475,44.98303913405496,0.9940044708199098,Antimicrobial,0.0,0.0
1193,OG0002651,79.93837286265858,0.4653441886348241,Non-antimicrobial,0.0,0.0
1194,OG0002477,69.70831541218638,0.4280200514401363,Non-antimicrobial,0.0,0.0
1195,OG0002478,92.9934557522124,0.0062872346734592,Non-antimicrobial,0.0,0.0
1196,OG0002650,70.69878257632166,0.4922498253803619,Non-antimicrobial,0.0,0.0
1197,OG0002480,,,,0.0,1.0
1198,OG0002481,29.22457264957265,0.0022318841671084,Non-antimicrobial,0.0,0.0
1199,OG0002482,80.63739310344828,0.9870668950559136,Antimicrobial,0.0,0.0
1200,OG0002483,71.25761455278594,1.9064098250779487e-10,Non-antimicrobial,0.0,0.0
1201,OG0002666,39.30233918128655,0.8304391622228624,Antimicrobial,0.0,0.0
1202,OG0002462,,,,0.0,1.0
1203,OG0002675,77.81558348294435,0.9324132174317132,Antimicrobial,0.0,0.0
1204,OG0002461,43.37985604606526,0.0046183305813943,Non-antimicrobial,0.0,0.0
1205,OG0002442,38.61290687554396,0.026066177469317,Non-antimicrobial,0.0,0.0
1206,OG0002443,23.262691011235955,0.9867859225249334,Antimicrobial,0.0,0.0
1207,OG0002444,37.33925675675676,0.8591622451786606,Antimicrobial,0.0,0.0
1208,OG0002445,,,,0.0,1.0
1209,OG0002446,29.06362262422716,0.9999992700596236,Antimicrobial,0.0,0.0
1210,OG0002447,65.92571392276422,0.0929445793379362,Non-antimicrobial,0.0,0.0
1211,OG0002448,31.985767097966725,0.0142722765232593,Non-antimicrobial,0.0,0.0
1212,OG0002449,83.20271533613446,0.4740352275111476,Non-antimicrobial,0.0,0.0
1213,OG0002450,35.05435096153846,0.1337180877505861,Non-antimicrobial,0.0,0.0
1214,OG0002453,,,,0.0,1.0
1215,OG0002454,53.3267951807229,0.6723888690506228,Antimicrobial,0.0,0.0
1216,OG0002455,33.038075117370894,0.8568793202602113,Antimicrobial,0.0,0.0
1217,OG0002456,50.66813371706885,0.7824007273528691,Antimicrobial,0.0,0.0
1218,OG0002457,31.67677220756376,0.0841543560664388,Non-antimicrobial,0.0,0.0
1219,OG0002458,35.75935805201993,0.2711050165033175,Non-antimicrobial,0.0,0.0
1220,OG0002672,60.5485027100271,0.009285455838268,Non-antimicrobial,0.0,0.0
1221,OG0002460,35.158328273244784,0.0,Non-antimicrobial,0.0,0.0
1222,OG0002707,90.94986600496276,0.1484032781077292,Non-antimicrobial,0.0,0.0
1223,OG0002587,52.65982474226804,0.7684395369217468,Antimicrobial,0.0,0.0
1224,OG0000914,40.44519662921349,0.0576097553608033,Non-antimicrobial,0.0,0.0
1225,OG0002145,34.6474245472837,0.1824832100155275,Non-antimicrobial,0.0,0.0
1226,OG0001475,44.51416317991632,0.0613251772183219,Non-antimicrobial,0.0,0.0
1227,OG0002130,,,,0.0,1.0
1228,OG0001233,35.81786202185793,0.4847238912065775,Non-antimicrobial,0.0,0.0
1229,OG0002040,80.35858392999204,0.5661501609420527,Antimicrobial,0.0,0.0
1230,OG0001874,68.59778310940499,0.5434640340698955,Antimicrobial,0.0,0.0
1231,OG0002136,73.86022068095838,0.01376812138091,Non-antimicrobial,0.0,0.0
1232,OG0001871,64.7530909090909,0.9988334976787012,Antimicrobial,0.0,0.0
1233,OG0001607,36.251400722021664,0.5188665759710231,Antimicrobial,0.0,0.0
1234,OG0001605,71.84500680272109,0.9637375168912956,Antimicrobial,0.0,0.0
1235,OG0002037,42.20278201032195,0.8176109035446377,Antimicrobial,0.0,0.0
1236,OG0001708,71.7509756097561,0.0141141519201864,Non-antimicrobial,0.0,0.0
1237,OG0001600,46.90192560175055,0.0112208351783529,Non-antimicrobial,0.0,0.0
1238,OG0001575,27.84277968428277,0.9627306722829037,Antimicrobial,0.0,0.0
1239,OG0002082,53.96870754716981,0.9274018811536474,Antimicrobial,0.0,0.0
1240,OG0001571,,,,0.0,1.0
1241,OG0001674,34.21233076923077,0.972514156375224,Antimicrobial,0.0,0.0
1242,OG0002166,47.11915447154471,0.0388441631412351,Non-antimicrobial,0.0,0.0
1243,OG0001675,30.40891842346471,0.9982966821686884,Antimicrobial,0.0,0.0
1244,OG0001570,44.82215701823949,0.6011046119417093,Antimicrobial,0.0,0.0
1245,OG0001953,81.8116391184573,0.9916254665946695,Antimicrobial,0.0,0.0
1246,OG0002046,77.38656441717792,0.7828988917260201,Antimicrobial,0.0,0.0
1247,OG0000981,39.207773677736775,0.1279473223831453,Non-antimicrobial,0.0,0.0
1248,OG0002120,34.81785714285714,0.3006633729551262,Non-antimicrobial,0.0,0.0
1249,OG0001930,79.44635775862069,0.2362664637147098,Non-antimicrobial,0.0,0.0
1250,OG0001125,84.11732373009856,0.1461898294592122,Non-antimicrobial,0.0,0.0
1251,OG0001660,76.02422457200403,0.7635654269990383,Antimicrobial,0.0,0.0
1252,OG0001664,62.4891847133758,0.960276177566604,Antimicrobial,0.0,0.0
1253,OG0001128,37.67112939416605,0.7997944887159323,Antimicrobial,0.0,0.0
1254,OG0001131,89.8334496124031,0.992771229388868,Antimicrobial,0.0,0.0
1255,OG0002074,28.4243943943944,0.1081957034790725,Non-antimicrobial,0.0,0.0
1256,OG0001397,48.171553719008266,0.7753349018744888,Antimicrobial,0.0,0.0
1257,OG0001647,,,,0.0,1.0
1258,OG0001891,26.018654708520177,0.993228343347898,Antimicrobial,0.0,0.0
1259,OG0001890,54.48103244837758,0.0669312432249161,Non-antimicrobial,0.0,0.0
1260,OG0001889,30.31802083333333,0.9958506123255482,Antimicrobial,0.0,0.0
1261,OG0002070,78.38040705563094,0.2784127341818901,Non-antimicrobial,0.0,0.0
1262,OG0002068,43.188235294117646,0.8546723986373581,Antimicrobial,0.0,0.0
1263,OG0001181,53.59632036613272,0.9999579943289684,Antimicrobial,0.0,0.0
1264,OG0001183,41.157051177904144,0.9754178093640604,Antimicrobial,0.0,0.0
1265,OG0001432,32.92689376443418,0.987105648886588,Antimicrobial,0.0,0.0
1266,OG0001053,37.6794262295082,0.9750424640126224,Antimicrobial,0.0,0.0
1267,OG0002053,27.09577435897436,0.0264587498870407,Non-antimicrobial,0.0,0.0
1268,OG0001616,41.4652245508982,0.7162755370387072,Antimicrobial,0.0,0.0
1269,OG0001696,32.582373660030626,0.9997366272751173,Antimicrobial,0.0,0.0
1270,OG0001661,35.96670396744659,0.9972261283887912,Antimicrobial,0.0,0.0
1271,OG0002211,30.55747826086957,0.9813392962568082,Antimicrobial,0.0,0.0
1272,OG0000882,75.94201052631578,0.9993443273472314,Antimicrobial,0.0,0.0
1273,OG0001741,73.10094170403586,0.8569437227939283,Antimicrobial,0.0,0.0
1274,OG0002209,47.40819369715603,0.0616193163002984,Non-antimicrobial,0.0,0.0
1275,OG0001751,68.52106014271152,0.3019657882580383,Non-antimicrobial,0.0,0.0
1276,OG0001318,32.2256414613424,0.8129907439278198,Antimicrobial,0.0,0.0
1277,OG0002190,65.97009246088193,0.9997973954136036,Antimicrobial,0.0,0.0
1278,OG0001497,63.07481896551724,0.1428385987732255,Non-antimicrobial,0.0,0.0
1279,OG0002585,70.86158361018826,0.011858653347947,Non-antimicrobial,0.0,0.0
1280,OG0002019,83.5939762076424,0.966634522225682,Antimicrobial,0.0,0.0
1281,OG0000873,45.6113356562137,0.0256008842421066,Non-antimicrobial,0.0,0.0
1282,OG0001976,65.49370348493798,0.9354347313788016,Antimicrobial,0.0,0.0
1283,OG0001989,32.32267939433838,0.0010639512281346,Non-antimicrobial,0.0,0.0
1284,OG0001977,35.22397231096912,0.6361245330831384,Antimicrobial,0.0,0.0
1285,OG0001979,71.28976795096321,0.8372950744565214,Antimicrobial,0.0,0.0
1286,OG0000800,,,,0.0,1.0
1287,OG0000912,47.55906432748538,0.9854527943287144,Antimicrobial,0.0,0.0
1288,OG0001982,56.458275862068966,0.982213476497786,Antimicrobial,0.0,0.0
1289,OG0002183,61.89741258741259,0.024452861745095,Non-antimicrobial,0.0,0.0
1290,OG0001846,54.09746720647773,0.999999972634733,Antimicrobial,0.0,0.0
1291,OG0002214,,,,0.0,0.0
1292,OG0001998,69.72202040816326,0.1290728459722089,Non-antimicrobial,0.0,0.0
1293,OG0001503,39.02596118299445,0.8437661708856166,Antimicrobial,0.0,0.0
1294,OG0001319,32.72039621016365,0.5326262466721862,Antimicrobial,0.0,0.0
1295,OG0001808,74.47593548387097,0.8755013615559483,Antimicrobial,0.0,0.0
1296,OG0002212,35.52797441364606,0.875702906157279,Antimicrobial,0.0,0.0
1297,OG0003121,41.42518950437318,0.0023663427783798,Non-antimicrobial,0.0,0.0
1298,OG0003120,62.21912961803381,0.9948483070689847,Antimicrobial,0.0,0.0
1299,OG0003162,82.88666370106762,0.1379381241431045,Non-antimicrobial,0.0,0.0
1300,OG0003001,,,,1.0,0.0
1301,OG0002956,48.52993603411514,0.4889387108272465,Non-antimicrobial,0.0,0.0
1302,OG0003119,90.31325217391304,0.6648933742722651,Antimicrobial,0.0,0.0
1303,OG0002996,91.17247534516764,0.9688406588030596,Antimicrobial,0.0,0.0
1304,OG0002993,,,,0.0,1.0
1305,OG0002995,48.75137066666666,0.0005219984473089,Non-antimicrobial,0.0,0.0
1306,OG0003107,48.0126912568306,0.170843090529538,Non-antimicrobial,0.0,0.0
1307,OG0002685,75.72536045681657,0.9995009715296368,Antimicrobial,0.0,0.0
1308,OG0002998,45.4781050955414,0.850676530518641,Antimicrobial,0.0,0.0
1309,OG0002997,67.77251951738822,0.6737675582792226,Antimicrobial,0.0,0.0
1310,OG0002957,23.899715639810424,2.642631670710458e-278,Non-antimicrobial,0.0,0.0
1311,OG0003123,28.46621572212066,0.0771599672216123,Non-antimicrobial,0.0,0.0
1312,OG0002974,,,,0.0,1.0
1313,OG0003125,24.04586475942783,0.0,Non-antimicrobial,0.0,0.0
1314,OG0003124,,,,0.0,0.0
1315,OG0003136,32.29825541619156,0.8880778737140378,Antimicrobial,0.0,0.0
1316,OG0002973,43.40280555555555,0.0001790426860757,Non-antimicrobial,0.0,0.0
1317,OG0002975,,,,0.0,1.0
1318,OG0002972,,,,0.0,0.0
1319,OG0002971,34.85106451612903,0.0239526313467243,Non-antimicrobial,0.0,0.0
1320,OG0003134,28.444226736566183,0.9999970522443544,Antimicrobial,0.0,0.0
1321,OG0003133,27.614970853206145,0.9999028638322932,Antimicrobial,0.0,0.0
1322,OG0003135,,,,0.0,0.0
1323,OG0002969,69.04541379310345,0.9553203802120894,Antimicrobial,0.0,0.0
1324,OG0003132,32.95146695491044,0.5787504621851582,Antimicrobial,0.0,0.0
1325,OG0003130,49.44197802197802,0.7249255623222067,Antimicrobial,0.0,0.0
1326,OG0002670,81.3665685483871,0.3307168439571598,Non-antimicrobial,0.0,0.0
1327,OG0003137,27.522426532325778,0.9212356527839528,Antimicrobial,0.0,0.0
1328,OG0002958,63.62346895074946,0.4293265315905134,Non-antimicrobial,0.0,0.0
1329,OG0003151,38.96066010733453,0.0,Non-antimicrobial,0.0,0.0
1330,OG0002659,,,,0.0,1.0
1331,OG0002981,28.753574879227056,0.0166207075018516,Non-antimicrobial,0.0,0.0
1332,OG0002963,66.50233539094651,0.5155915089222151,Antimicrobial,0.0,0.0
1333,OG0003129,34.64141230068337,0.1043035204514957,Non-antimicrobial,0.0,0.0
1334,OG0003128,49.63178282009725,0.5144691358893777,Antimicrobial,0.0,0.0
1335,OG0003156,50.53025773195876,0.0356610666074546,Non-antimicrobial,0.0,0.0
1336,OG0003127,43.51991173120729,0.95529538272295,Antimicrobial,0.0,0.0
1337,OG0002959,,,,0.0,1.0
1338,OG0002674,30.82370853080569,0.0774839757221749,Non-antimicrobial,0.0,0.0
1339,OG0002677,32.091077368040494,0.9414962358749536,Antimicrobial,0.0,0.0
1340,OG0002821,61.55917711991972,0.9876479729605232,Antimicrobial,0.0,0.0
1341,OG0003012,44.824260969976905,0.6962410199045924,Antimicrobial,0.0,0.0
1342,OG0003106,63.44286666666667,0.3521815923189235,Non-antimicrobial,0.0,0.0
1343,OG0003003,30.211643059490083,0.0820598558711996,Non-antimicrobial,0.0,0.0
1344,OG0003053,69.48593726800297,0.0363304741574085,Non-antimicrobial,0.0,0.0
1345,OG0003052,34.92641541038526,0.0304555732844337,Non-antimicrobial,0.0,0.0
1346,OG0003051,44.670310077519375,0.8782096187159407,Antimicrobial,0.0,0.0
1347,OG0003050,31.17763401109057,0.4212936685341488,Non-antimicrobial,0.0,0.0
1348,OG0003049,78.95578896418199,0.9501809191310386,Antimicrobial,0.0,0.0
1349,OG0003048,75.53845161290323,0.96022751345819,Antimicrobial,0.0,0.0
1350,OG0003047,42.85627490712597,0.036582542708194,Non-antimicrobial,0.0,0.0
1351,OG0003046,49.3305016722408,0.060061901686696,Non-antimicrobial,0.0,0.0
1352,OG0003045,30.48395502645503,0.7609328082710024,Antimicrobial,0.0,0.0
1353,OG0003044,33.55734774933804,0.999304893871982,Antimicrobial,0.0,0.0
1354,OG0003043,42.66297453703704,5.3377133195544655e-06,Non-antimicrobial,0.0,0.0
1355,OG0003042,87.23025396825396,0.953739761236764,Antimicrobial,0.0,0.0
1356,OG0003041,42.45673720136519,0.5602086949751852,Antimicrobial,0.0,0.0
1357,OG0002600,,,,0.0,1.0
1358,OG0003040,62.57751807228915,0.1005561801940869,Non-antimicrobial,0.0,0.0
1359,OG0003085,,,,0.0,1.0
1360,OG0003037,47.13386535889434,0.9979266556691512,Antimicrobial,0.0,0.0
1361,OG0003054,56.304803407601575,0.3371812358225409,Non-antimicrobial,0.0,0.0
1362,OG0003055,52.47704028021016,0.0338717279183387,Non-antimicrobial,0.0,0.0
1363,OG0003056,74.59296703296704,0.0424009028660364,Non-antimicrobial,0.0,0.0
1364,OG0003065,33.23076923076923,0.002158749958117,Non-antimicrobial,0.0,0.0
1365,OG0003071,56.13715984147953,0.890041215750787,Antimicrobial,0.0,0.0
1366,OG0002588,46.645,0.0083777753939743,Non-antimicrobial,0.0,0.0
1367,OG0003070,55.51868014901544,0.0735947216862773,Non-antimicrobial,0.0,0.0
1368,OG0003069,82.51422451408172,0.0225238027470258,Non-antimicrobial,0.0,0.0
1369,OG0003074,63.224531188701455,0.6796287052175961,Antimicrobial,0.0,0.0
1370,OG0003079,41.65612176814012,0.9915800338693086,Antimicrobial,0.0,0.0
1371,OG0003081,,,,0.0,0.0
1372,OG0003082,,,,0.0,1.0
1373,OG0003057,29.15519707340099,0.9999950151909156,Antimicrobial,0.0,0.0
1374,OG0003063,42.65002941176471,0.0208900551439034,Non-antimicrobial,0.0,0.0
1375,OG0002595,86.76891818181818,0.8511409856263044,Antimicrobial,0.0,0.0
1376,OG0003062,41.82414309484193,0.7852517436021302,Antimicrobial,0.0,0.0
1377,OG0003061,48.29134314903846,0.9428477555915816,Antimicrobial,0.0,0.0
1378,OG0003060,82.70677083333332,0.985289635128097,Antimicrobial,0.0,0.0
1379,OG0003059,44.74836454431961,0.9990470478268664,Antimicrobial,0.0,0.0
1380,OG0003058,30.52971472629144,0.2123871282909226,Non-antimicrobial,0.0,0.0
1381,OG0002613,49.6325352112676,0.0045636879004998,Non-antimicrobial,0.0,0.0
1382,OG0003036,36.14603150406505,0.2236391520482923,Non-antimicrobial,0.0,0.0
1383,OG0003035,29.219019607843137,0.9683434122848568,Antimicrobial,0.0,0.0
1384,OG0002638,47.99519027484144,0.999974544124453,Antimicrobial,0.0,0.0
1385,OG0003018,25.538154563624254,0.5865063540333434,Antimicrobial,0.0,0.0
1386,OG0002634,27.97876832844575,0.9969565924253192,Antimicrobial,0.0,0.0
1387,OG0002635,45.85534912718205,0.0002665816309997,Non-antimicrobial,0.0,0.0
1388,OG0003017,40.70214634146341,0.0024130464154905,Non-antimicrobial,0.0,0.0
1389,OG0003016,70.9332690622261,0.9721598811373272,Antimicrobial,0.0,0.0
1390,OG0003015,79.55092624356774,0.8258052995823244,Antimicrobial,0.0,0.0
1391,OG0002637,65.48719132893497,0.9971163640817274,Antimicrobial,0.0,0.0
1392,OG0003013,88.22351179992955,0.9998592020950412,Antimicrobial,0.0,0.0
1393,OG0002632,46.90239716312056,0.0015446286252734,Non-antimicrobial,0.0,0.0
1394,OG0002952,28.24935114503817,0.7884307221322814,Antimicrobial,0.0,0.0
1395,OG0003011,85.2761356466877,0.945271542825269,Antimicrobial,0.0,0.0
1396,OG0003010,62.489529942047646,0.6555311948087068,Antimicrobial,0.0,0.0
1397,OG0003008,72.76893116395495,0.0221241827835489,Non-antimicrobial,0.0,0.0
1398,OG0003007,,,,0.0,1.0
1399,OG0003006,64.75519119351101,0.6080998874811068,Antimicrobial,0.0,0.0
1400,OG0003004,82.57243515850145,0.594988333415877,Antimicrobial,0.0,0.0
1401,OG0002633,27.968074866310165,0.7318763707586236,Antimicrobial,0.0,0.0
1402,OG0003020,83.59289328426864,0.0826765111539015,Non-antimicrobial,0.0,0.0
1403,OG0003034,38.906987818383165,0.9999999031307076,Antimicrobial,0.0,0.0
1404,OG0003028,53.22396061269146,0.9509630443989951,Antimicrobial,0.0,0.0
1405,OG0003033,51.7666369095926,0.0,Non-antimicrobial,0.0,0.0
1406,OG0003032,54.688460963765415,0.9895746847071212,Antimicrobial,0.0,0.0
1407,OG0002614,37.23463488843813,0.8818497257309125,Antimicrobial,0.0,0.0
1408,OG0002616,79.42406901041666,0.5369123736727239,Antimicrobial,0.0,0.0
1409,OG0003031,42.80819875776398,0.1360565223329138,Non-antimicrobial,0.0,0.0
1410,OG0003030,36.8129197761194,0.1768826586538572,Non-antimicrobial,0.0,0.0
1411,OG0003029,87.26061379684953,0.0147346040968688,Non-antimicrobial,0.0,0.0
1412,OG0002621,45.30064858490566,0.0386914975714159,Non-antimicrobial,0.0,0.0
1413,OG0003021,71.78403278688525,0.846882619814958,Antimicrobial,0.0,0.0
1414,OG0003027,53.08561320754717,0.0086352572581469,Non-antimicrobial,0.0,0.0
1415,OG0003026,,,,1.0,0.0
1416,OG0002623,46.922758499824745,0.9926419720505631,Antimicrobial,0.0,0.0
1417,OG0003025,46.039381741646935,0.9930177896137996,Antimicrobial,0.0,0.0
1418,OG0003024,25.64306871247499,0.4713278561412666,Non-antimicrobial,0.0,0.0
1419,OG0003023,77.90156259805458,0.9992131510253844,Antimicrobial,0.0,0.0
1420,OG0003087,71.10011270491802,0.4453217497525876,Non-antimicrobial,0.0,0.0
1421,OG0003164,85.92150713685977,0.1190251422042851,Non-antimicrobial,0.0,0.0
1422,OG0002942,35.769685916919954,0.2708549077248697,Non-antimicrobial,0.0,0.0
1423,OG0002687,58.48691056910569,0.3272427029942655,Non-antimicrobial,0.0,0.0
1424,OG0002897,41.96965197215777,0.6364897619180085,Antimicrobial,0.0,0.0
1425,OG0002875,53.34553459119497,0.9873677813643992,Antimicrobial,0.0,0.0
1426,OG0002806,,,,0.0,1.0
1427,OG0002874,47.970694498634415,0.994545374540314,Antimicrobial,0.0,0.0
1428,OG0002808,,,,0.0,1.0
1429,OG0002873,91.65428571428572,0.1037086354905114,Non-antimicrobial,0.0,0.0
1430,OG0003220,38.43957383548068,0.0012376116016304,Non-antimicrobial,0.0,0.0
1431,OG0003221,39.38693150684932,0.0228414105515086,Non-antimicrobial,0.0,0.0
1432,OG0002865,43.196901669758816,0.9992211452486984,Antimicrobial,0.0,0.0
1433,OG0002864,,,,0.0,1.0
1434,OG0002863,52.88253430185633,0.0381236420330897,Non-antimicrobial,0.0,0.0
1435,OG0002862,,,,1.0,0.0
1436,OG0002861,59.217731576780565,0.0,Non-antimicrobial,0.0,0.0
1437,OG0002860,,,,0.0,1.0
1438,OG0002859,,,,0.0,1.0
1439,OG0002858,51.65551298157454,0.9999921751215076,Antimicrobial,0.0,0.0
1440,OG0002857,,,,0.0,1.0
1441,OG0002856,,,,1.0,1.0
1442,OG0002876,38.124935064935066,0.0022751183323606,Non-antimicrobial,0.0,0.0
1443,OG0002877,67.33675415573053,0.0001551329870535,Non-antimicrobial,0.0,0.0
1444,OG0002793,50.01904081632654,0.0052516966775145,Non-antimicrobial,0.0,0.0
1445,OG0003193,63.076368078175896,0.6931560785708937,Antimicrobial,0.0,0.0
1446,OG0002895,40.73747204666992,0.992544792238237,Antimicrobial,0.0,0.0
1447,OG0002894,27.186040515653776,0.0662558785924134,Non-antimicrobial,0.0,0.0
1448,OG0002789,36.93926653569089,0.5195635312767554,Antimicrobial,0.0,0.0
1449,OG0002893,37.73566083283042,0.5032265787949616,Antimicrobial,0.0,0.0
1450,OG0002791,29.72223880597015,0.9970882897300564,Antimicrobial,0.0,0.0
1451,OG0002892,59.12906514382402,0.6920844200241786,Antimicrobial,0.0,0.0
1452,OG0002792,49.64931626506024,0.0002602485808796,Non-antimicrobial,0.0,0.0
1453,OG0002890,27.06113884555382,0.0,Non-antimicrobial,0.0,0.0
1454,OG0002880,45.4995990836197,0.7369402762051445,Antimicrobial,0.0,0.0
1455,OG0002889,64.25719766472061,0.9856667981010114,Antimicrobial,0.0,0.0
1456,OG0002888,35.62390381011868,0.4266850802001082,Non-antimicrobial,0.0,0.0
1457,OG0003194,29.81228494623656,0.0122218251472101,Non-antimicrobial,0.0,0.0
1458,OG0002886,29.20907457322552,0.9992857858727716,Antimicrobial,0.0,0.0
1459,OG0003195,57.0316234796404,0.4969771196914589,Antimicrobial,0.0,0.0
1460,OG0003196,69.58262769580023,0.9324237751745528,Antimicrobial,0.0,0.0
1461,OG0003198,39.149202501954655,0.0039749970305769,Non-antimicrobial,0.0,0.0
1462,OG0002855,85.47040345821327,0.3492705074423582,Non-antimicrobial,0.0,0.0
1463,OG0003227,32.91893951296151,0.8890227268798185,Antimicrobial,0.0,0.0
1464,OG0002853,58.23764531654943,0.9838459622058396,Antimicrobial,0.0,0.0
1465,OG0003237,82.66731924360401,0.5475745977529871,Antimicrobial,0.0,0.0
1466,OG0002837,,,,0.0,1.0
1467,OG0002834,,,,0.0,1.0
1468,OG0002833,,,,0.0,1.0
1469,OG0002832,69.78308766052484,0.1982060722129201,Non-antimicrobial,0.0,0.0
1470,OG0002818,73.78157182512145,0.9794515527824404,Antimicrobial,0.0,0.0
1471,OG0003236,29.71357823892316,0.9999763575771352,Antimicrobial,0.0,0.0
1472,OG0002830,58.225575,0.0500378042740094,Non-antimicrobial,0.0,0.0
1473,OG0002828,,,,0.0,1.0
1474,OG0002839,77.8779175443876,0.8871816374554699,Antimicrobial,0.0,0.0
1475,OG0003238,27.53797522886376,0.2348952195796984,Non-antimicrobial,0.0,0.0
1476,OG0002826,79.72214499911802,0.4489534665608263,Non-antimicrobial,0.0,0.0
1477,OG0002825,77.87336734693878,0.0667135542907636,Non-antimicrobial,0.0,0.0
1478,OG0002819,81.5612513601741,0.0342703624516262,Non-antimicrobial,0.0,0.0
1479,OG0003239,39.2049087893864,0.0349768628357392,Non-antimicrobial,0.0,0.0
1480,OG0002824,37.44704225352113,0.9054711481225298,Antimicrobial,0.0,0.0
1481,OG0002823,61.753136346079565,0.9487773902652292,Antimicrobial,0.0,0.0
1482,OG0002838,58.7071186440678,0.3506469658570812,Non-antimicrobial,0.0,0.0
1483,OG0002817,62.86498407643312,0.9661707148901892,Antimicrobial,0.0,0.0
1484,OG0002852,54.58749464668095,0.9613657799691748,Antimicrobial,0.0,0.0
1485,OG0002812,32.67429190751445,0.1685425626493849,Non-antimicrobial,0.0,0.0
1486,OG0002851,31.62783486238532,0.8970995571667522,Antimicrobial,0.0,0.0
1487,OG0002809,45.45977130977131,0.0009359463716597,Non-antimicrobial,0.0,0.0
1488,OG0003228,27.80258064516129,0.008812186118983,Non-antimicrobial,0.0,0.0
1489,OG0002849,83.794080604534,0.895271971106452,Antimicrobial,0.0,0.0
1490,OG0002848,46.19697329376855,0.2834602672124823,Non-antimicrobial,0.0,0.0
1491,OG0002847,,,,0.0,1.0
1492,OG0002810,,,,0.0,0.0
1493,OG0002813,71.18930810397553,0.1501798750995803,Non-antimicrobial,0.0,0.0
1494,OG0002840,65.03406935176359,0.996885671602822,Antimicrobial,0.0,0.0
1495,OG0002814,47.603710247349824,0.0017546231428386,Non-antimicrobial,0.0,0.0
1496,OG0002815,91.51408467741936,0.6948163813724919,Antimicrobial,0.0,0.0
1497,OG0003240,61.93570792880259,0.9630705426156424,Antimicrobial,0.0,0.0
1498,OG0002846,57.871163279607565,0.5844554061475643,Antimicrobial,0.0,0.0
1499,OG0003229,37.765985116938346,0.0,Non-antimicrobial,0.0,0.0
1500,OG0002843,58.85282874617737,0.4119279114954742,Non-antimicrobial,0.0,0.0
1501,OG0002842,66.17249040043885,0.9777458297730958,Antimicrobial,0.0,0.0
1502,OG0002896,53.587737226277376,0.2696403957406527,Non-antimicrobial,0.0,0.0
1503,OG0002787,29.53347495131881,0.0,Non-antimicrobial,0.0,0.0
1504,OG0002692,72.22715800636269,0.8911658460202646,Antimicrobial,0.0,0.0
1505,OG0002786,39.21602564102564,0.3759249654412358,Non-antimicrobial,0.0,0.0
1506,OG0002939,63.57582471910112,0.9981201154383031,Antimicrobial,0.0,0.0
1507,OG0002938,,,,0.0,1.0
1508,OG0003172,77.1057510288066,0.8957924627651243,Antimicrobial,0.0,0.0
1509,OG0002744,54.05312,0.0808885260380206,Non-antimicrobial,0.0,0.0
1510,OG0002936,36.41985119047619,0.7914497933220389,Antimicrobial,0.0,0.0
1511,OG0003173,44.39647161572053,0.6841183087979549,Antimicrobial,0.0,0.0
1512,OG0002751,47.96029058116232,0.982524279348134,Antimicrobial,0.0,0.0
1513,OG0002933,70.8910305958132,0.2947977112804512,Non-antimicrobial,0.0,0.0
1514,OG0002932,76.25825515947467,0.9369053135057286,Antimicrobial,0.0,0.0
1515,OG0002931,41.94609803232607,0.9999999997762188,Antimicrobial,0.0,0.0
1516,OG0002930,41.660564387917326,0.6763884126471856,Antimicrobial,0.0,0.0
1517,OG0002760,31.19994499449945,0.8073903486451399,Antimicrobial,0.0,0.0
1518,OG0002929,34.01715855572998,0.0164001553965563,Non-antimicrobial,0.0,0.0
1519,OG0002762,,,,0.0,1.0
1520,OG0002763,69.39566555740433,0.7037252201491758,Antimicrobial,0.0,0.0
1521,OG0002928,48.354642712959226,0.1971501845987321,Non-antimicrobial,0.0,0.0
1522,OG0002927,66.37977937120795,0.0926810666671075,Non-antimicrobial,0.0,0.0
1523,OG0002940,76.09004530011325,0.556887867298876,Antimicrobial,0.0,0.0
1524,OG0002741,39.51488392466054,0.5328673640508699,Antimicrobial,0.0,0.0
1525,OG0002740,,,,1.0,0.0
1526,OG0002702,53.60297877145438,0.9977727907234404,Antimicrobial,0.0,0.0
1527,OG0003168,86.75490599294947,0.0291818142016233,Non-antimicrobial,0.0,0.0
1528,OG0002697,64.60155084125823,0.2022217326317677,Non-antimicrobial,0.0,0.0
1529,OG0002950,84.5895552407932,0.9830606897010484,Antimicrobial,0.0,0.0
1530,OG0002699,25.58282023681378,0.9999924215279324,Antimicrobial,0.0,0.0
1531,OG0002949,70.12418604651162,0.8358209423473044,Antimicrobial,0.0,0.0
1532,OG0002948,36.6586491387126,0.1235851685638648,Non-antimicrobial,0.0,0.0
1533,OG0002701,37.25216171617162,0.4381824209496335,Non-antimicrobial,0.0,0.0
1534,OG0002947,38.25770045385779,0.844503527983036,Antimicrobial,0.0,0.0
1535,OG0003171,35.5907734204793,0.3725519488542378,Non-antimicrobial,0.0,0.0
1536,OG0002946,,,,0.0,1.0
1537,OG0003170,64.10629834254144,0.0483217377159511,Non-antimicrobial,0.0,0.0
1538,OG0002944,,,,0.0,1.0
1539,OG0002943,55.24630687830688,0.7282431312034192,Antimicrobial,0.0,0.0
1540,OG0002723,46.079211385907605,0.1281956776832337,Non-antimicrobial,0.0,0.0
1541,OG0002724,39.77526335877862,0.0493195962117954,Non-antimicrobial,0.0,0.0
1542,OG0002822,44.15494675186368,0.0001132811071094,Non-antimicrobial,0.0,0.0
1543,OG0002926,37.91709526044111,0.3890196722032931,Non-antimicrobial,0.0,0.0
1544,OG0002925,36.63872246696036,0.0001682277694566,Non-antimicrobial,0.0,0.0
1545,OG0002767,35.38316585730296,0.925983038230542,Antimicrobial,0.0,0.0
1546,OG0002901,36.32053130929791,0.003358489962907,Non-antimicrobial,0.0,0.0
1547,OG0002907,38.40559814583705,0.0,Non-antimicrobial,0.0,0.0
1548,OG0002906,80.65889883268483,0.8013081723741389,Antimicrobial,0.0,0.0
1549,OG0002905,34.857647058823524,0.3073639951710571,Non-antimicrobial,0.0,0.0
1550,OG0002904,56.94339805825243,0.9644524424282704,Antimicrobial,0.0,0.0
1551,OG0002777,27.889587188612097,0.990721674013081,Antimicrobial,0.0,0.0
1552,OG0002903,42.81962745098039,0.0193796007538431,Non-antimicrobial,0.0,0.0
1553,OG0002902,45.67795051102743,0.0003371082839975,Non-antimicrobial,0.0,0.0
1554,OG0002900,42.76683385579937,0.8700487748433214,Antimicrobial,0.0,0.0
1555,OG0003191,56.411481900452486,0.005754280189913,Non-antimicrobial,0.0,0.0
1556,OG0002780,36.40150743931088,0.9991908720178376,Antimicrobial,0.0,0.0
1557,OG0002899,64.68123170731707,0.338863923171663,Non-antimicrobial,0.0,0.0
1558,OG0002898,75.0683396865735,0.0,Non-antimicrobial,0.0,0.0
1559,OG0002781,,,,0.0,0.0
1560,OG0002782,39.359938361131256,0.9994552448062348,Antimicrobial,0.0,0.0
1561,OG0002783,20.643038307604343,0.0,Non-antimicrobial,0.0,0.0
1562,OG0002784,29.007053165909696,0.9383552388826484,Antimicrobial,0.0,0.0
1563,OG0002776,36.38468246445498,0.0048158423751517,Non-antimicrobial,0.0,0.0
1564,OG0002909,43.48294117647058,0.0346783529624106,Non-antimicrobial,0.0,0.0
1565,OG0002768,28.84755089058524,0.9904793416115322,Antimicrobial,0.0,0.0
1566,OG0002920,59.06882585751978,0.6995358282823331,Antimicrobial,0.0,0.0
1567,OG0002924,,,,0.0,1.0
1568,OG0002769,39.01763122476447,0.0995862941301717,Non-antimicrobial,0.0,0.0
1569,OG0002770,33.15843351211392,0.9999937861293224,Antimicrobial,0.0,0.0
1570,OG0002771,51.99062755798089,0.9004877077675045,Antimicrobial,0.0,0.0
1571,OG0003180,86.69755925688662,0.4684731033267029,Non-antimicrobial,0.0,0.0
1572,OG0002922,41.57619636363636,0.8610741138976903,Antimicrobial,0.0,0.0
1573,OG0002921,37.88873429084381,0.0207628430631799,Non-antimicrobial,0.0,0.0
1574,OG0002919,35.08784905660377,0.0009434157436651,Non-antimicrobial,0.0,0.0
1575,OG0002910,45.90266561514196,0.1176548825894621,Non-antimicrobial,0.0,0.0
1576,OG0002918,45.21725214198286,0.7950447242555821,Antimicrobial,0.0,0.0
1577,OG0002917,,,,0.0,1.0
1578,OG0002916,40.72777443609023,0.1960892483665229,Non-antimicrobial,0.0,0.0
1579,OG0003188,39.55154434782608,0.7442481247803371,Antimicrobial,0.0,0.0
1580,OG0003189,79.02179060665361,0.8463945265686408,Antimicrobial,0.0,0.0
1581,OG0002912,31.53128892733564,0.0514043519557191,Non-antimicrobial,0.0,0.0
1582,OG0002911,33.96245901639344,0.830582550528066,Antimicrobial,0.0,0.0
1583,OG0002841,33.709885496183205,0.6498671453389786,Antimicrobial,0.0,0.0
1584,OG0003072,36.14786301369863,0.5230871710296654,Antimicrobial,0.0,0.0
1585,OG0001969,37.122028469750894,0.959468611958584,Antimicrobial,0.0,0.0
1586,OG0001654,28.468914285714284,0.9995805041590166,Antimicrobial,0.0,0.0
1587,OG0002325,79.23380144777663,0.0924951984400625,Non-antimicrobial,0.0,0.0
1588,OG0001931,46.113120915032674,0.3605670550793688,Non-antimicrobial,0.0,0.0
1589,OG0001617,59.99549943883277,0.4055588820741245,Non-antimicrobial,0.0,0.0
1590,OG0001923,37.6535170178282,0.0002599483090957,Non-antimicrobial,0.0,0.0
1591,OG0002324,60.74655061841503,0.9976850352004424,Antimicrobial,0.0,0.0
1592,OG0001920,77.27850299401197,0.508563654761222,Antimicrobial,0.0,0.0
1593,OG0001919,76.8743653250774,0.0580341287173308,Non-antimicrobial,0.0,0.0
1594,OG0001426,71.09310262529833,0.3561487898024902,Non-antimicrobial,0.0,0.0
1595,OG0001645,75.06284935241992,0.1415236896047474,Non-antimicrobial,0.0,0.0
1596,OG0002315,39.84017402945114,0.7521764875333193,Antimicrobial,0.0,0.0
1597,OG0002428,29.931531172069825,0.9999389153387336,Antimicrobial,0.0,0.0
1598,OG0001908,,,,0.0,1.0
1599,OG0002432,47.226653005464485,0.9998806167878438,Antimicrobial,0.0,0.0
1600,OG0002331,,,,0.0,1.0
1601,OG0002297,,,,0.0,1.0
1602,OG0001802,77.58402082300447,0.7284930140208459,Antimicrobial,0.0,0.0
1603,OG0001126,55.68728606356968,0.0466629203468998,Non-antimicrobial,0.0,0.0
1604,OG0001127,,,,0.0,1.0
1605,OG0002463,55.09293428757319,0.0041614078702964,Non-antimicrobial,0.0,0.0
1606,OG0001888,40.51312548713951,0.5343691982401967,Antimicrobial,0.0,0.0
1607,OG0001886,49.1194929245283,0.0048335403265392,Non-antimicrobial,0.0,0.0
1608,OG0002290,38.17026595744681,0.9078793100415408,Antimicrobial,0.0,0.0
1609,OG0001881,58.33722408026755,0.2186639054688244,Non-antimicrobial,0.0,0.0
1610,OG0002472,57.18655021834061,0.0189723793782716,Non-antimicrobial,0.0,0.0
1611,OG0002476,30.46675094816688,0.1700626454254934,Non-antimicrobial,0.0,0.0
1612,OG0002479,,,,0.0,1.0
1613,OG0001061,85.65505697445973,0.4089333490707051,Non-antimicrobial,0.0,0.0
1614,OG0002338,41.53650211565585,0.9999913238635484,Antimicrobial,0.0,0.0
1615,OG0002486,34.37686498855835,0.0980575181801715,Non-antimicrobial,0.0,0.0
1616,OG0002381,70.69526263627353,0.5034786377958568,Antimicrobial,0.0,0.0
1617,OG0002392,54.98639049454079,0.9976572673289804,Antimicrobial,0.0,0.0
1618,OG0002013,54.70855208333333,0.4720388016473972,Non-antimicrobial,0.0,0.0
1619,OG0001496,55.965639097744365,0.0095033517113383,Non-antimicrobial,0.0,0.0
1620,OG0002026,53.52869074492099,0.6043689107381762,Antimicrobial,0.0,0.0
1621,OG0002010,32.00236429433052,0.8237377190847381,Antimicrobial,0.0,0.0
1622,OG0002008,,,,0.0,1.0
1623,OG0002027,36.85488888888889,0.5676974579825684,Antimicrobial,0.0,0.0
1624,OG0000913,56.19850393700788,0.9694249340219616,Antimicrobial,0.0,0.0
1625,OG0001499,86.77665617898968,0.0414225344123757,Non-antimicrobial,0.0,0.0
1626,OG0002030,55.649425087108014,0.2663080345057036,Non-antimicrobial,0.0,0.0
1627,OG0001504,34.2519507969508,0.9999290330025284,Antimicrobial,0.0,0.0
1628,OG0002383,53.44620037807184,0.5618824208892443,Antimicrobial,0.0,0.0
1629,OG0002377,55.5497963584092,0.0145198153255387,Non-antimicrobial,0.0,0.0
1630,OG0001052,87.68597210481826,0.9420259868655052,Antimicrobial,0.0,0.0
1631,OG0003073,80.30183569064098,0.7477155349138063,Antimicrobial,0.0,0.0
1632,OG0002406,53.11635910224439,0.2973116416374657,Non-antimicrobial,0.0,0.0
1633,OG0001971,53.505821489482656,0.0356461475123588,Non-antimicrobial,0.0,0.0
1634,OG0001468,66.0342715231788,0.719481002403396,Antimicrobial,0.0,0.0
1635,OG0002175,31.49927042030135,0.1835367544433394,Non-antimicrobial,0.0,0.0
1636,OG0002408,66.64355437665783,0.6145915556337588,Antimicrobial,0.0,0.0
1637,OG0001965,36.4304716981132,0.0728307591741714,Non-antimicrobial,0.0,0.0
1638,OG0001963,32.29169491525424,0.0064608112878853,Non-antimicrobial,0.0,0.0
1639,OG0000627,59.43025099075297,0.2756765301558589,Non-antimicrobial,0.0,0.0
1640,OG0002369,34.985560283687946,0.4519303037770284,Non-antimicrobial,0.0,0.0
1641,OG0001955,69.09494553376906,0.5481092231932887,Antimicrobial,0.0,0.0
1642,OG0002367,56.8006809848088,0.986286944388739,Antimicrobial,0.0,0.0
1643,OG0002485,48.75566827023635,0.66780445624813,Antimicrobial,0.0,0.0
1644,OG0002020,90.1016213592233,0.5850080717420766,Antimicrobial,0.0,0.0
1645,OG0002229,45.32955924855491,6.053501502333004e-05,Non-antimicrobial,0.0,0.0
1646,OG0002135,27.92696256684492,0.9324665436356846,Antimicrobial,0.0,0.0
1647,OG0002509,68.06695954487991,0.9134990289141348,Antimicrobial,0.0,0.0
1648,OG0002567,43.2142243767313,0.1818763033084393,Non-antimicrobial,0.0,0.0
1649,OG0002558,41.49479338842975,0.0002945607396792,Non-antimicrobial,0.0,0.0
1650,OG0002554,,,,0.0,1.0
1651,OG0002512,63.53512643678161,0.8878037365632393,Antimicrobial,0.0,0.0
1652,OG0002513,88.46577517917767,0.97273319259278,Antimicrobial,0.0,0.0
1653,OG0001671,,,,0.0,1.0
1654,OG0002184,45.601824644549765,0.249365565504422,Non-antimicrobial,0.0,0.0
1655,OG0002539,62.52063999999999,0.9926717047221956,Antimicrobial,0.0,0.0
1656,OG0002505,32.37413191811979,0.910631052688472,Antimicrobial,0.0,0.0
1657,OG0001693,82.85931748466258,0.8650996332376601,Antimicrobial,0.0,0.0
1658,OG0001703,36.35629629629629,0.238626841035974,Non-antimicrobial,0.0,0.0
1659,OG0002157,31.81466822794692,0.0002648466152388,Non-antimicrobial,0.0,0.0
1660,OG0002521,32.23335922330097,0.0100217951166993,Non-antimicrobial,0.0,0.0
1661,OG0001768,28.70474598930481,0.9298666065861424,Antimicrobial,0.0,0.0
1662,OG0002228,29.63681898066784,0.9812430106031884,Antimicrobial,0.0,0.0
1663,OG0002197,53.39971859588048,0.9999213903537808,Antimicrobial,0.0,0.0
1664,OG0002537,73.40051704327844,0.5615102859547858,Antimicrobial,0.0,0.0
1665,OG0002507,70.98355274629469,0.089842957786276,Non-antimicrobial,0.0,0.0
1666,OG0002221,,,,0.0,1.0
1667,OG0002499,82.80033834586467,0.9923685285286584,Antimicrobial,0.0,0.0
1668,OG0001807,66.63968646864687,0.95266243687549,Antimicrobial,0.0,0.0
1669,OG0002168,80.17031052886948,0.8885605679585773,Antimicrobial,0.0,0.0
1670,OG0002571,38.758542857142864,0.0017982229629404,Non-antimicrobial,0.0,0.0
1671,OG0001800,45.45167741935484,0.0062765722660002,Non-antimicrobial,0.0,0.0
1672,OG0001774,32.95767391304348,0.636425968449751,Antimicrobial,0.0,0.0
1673,OG0002179,84.79262099776619,0.2214721152281047,Non-antimicrobial,0.0,0.0
1674,OG0002496,62.86790535838552,0.1964208637392305,Non-antimicrobial,0.0,0.0
1675,OG0002502,87.27177981651376,0.4792142776662572,Non-antimicrobial,0.0,0.0
1676,OG0002578,87.36311894273128,0.9223079945971072,Antimicrobial,0.0,0.0
1677,OG0002493,29.76433601609658,0.975506467082404,Antimicrobial,0.0,0.0
1678,OG0002173,79.39365570599612,0.9984329357820142,Antimicrobial,0.0,0.0
1679,OG0002583,78.10222074024675,0.72800524637902,Antimicrobial,0.0,0.0
1680,OG0003943,58.381672862453534,0.0142852482553406,Non-antimicrobial,0.0,0.0
1681,OG0003571,62.19785145888594,0.5563395896849777,Antimicrobial,0.0,0.0
1682,OG0003595,47.421303370786525,0.0105970329577162,Non-antimicrobial,0.0,0.0
1683,OG0003904,53.09910788381743,0.0810343328501215,Non-antimicrobial,0.0,0.0
1684,OG0003944,39.39359354557349,0.0481474437925737,Non-antimicrobial,0.0,0.0
1685,OG0003572,58.35390871369295,0.0055405522675969,Non-antimicrobial,0.0,0.0
1686,OG0003226,35.24587692307692,0.0150608742329509,Non-antimicrobial,0.0,0.0
1687,OG0003942,32.37205079365079,0.7875200477588761,Antimicrobial,0.0,0.0
1688,OG0003601,79.35139577039274,0.7487993092060212,Antimicrobial,0.0,0.0
1689,OG0003600,72.69853039134055,0.1734134884883781,Non-antimicrobial,0.0,0.0
1690,OG0003851,84.00452808988764,0.5605398940386095,Antimicrobial,0.0,0.0
1691,OG0003903,49.41846376811595,0.0065351949822337,Non-antimicrobial,0.0,0.0
1692,OG0003598,38.38380692167577,0.8780097062091811,Antimicrobial,0.0,0.0
1693,OG0003178,38.85698412698413,0.5489321789705455,Antimicrobial,0.0,0.0
1694,OG0003594,43.59022263450834,0.9112949172976716,Antimicrobial,0.0,0.0
1695,OG0003900,33.7695353339787,0.082481201357866,Non-antimicrobial,0.0,0.0
1696,OG0003895,54.254578313253006,0.0631787206632149,Non-antimicrobial,0.0,0.0
1697,OG0003871,34.461467181467185,0.2954927253550883,Non-antimicrobial,0.0,0.0
1698,OG0003945,41.28224938875306,0.3908025036300724,Non-antimicrobial,0.0,0.0
1699,OG0003588,72.27645275035262,0.5463586841338766,Antimicrobial,0.0,0.0
1700,OG0003570,27.617554179566568,0.1207015718139212,Non-antimicrobial,0.0,0.0
1701,OG0003225,33.4175682382134,0.9998975555686832,Antimicrobial,0.0,0.0
1702,OG0003591,81.18721241631162,0.3803461729146391,Non-antimicrobial,0.0,0.0
1703,OG0003597,50.07598765432099,0.0164836663034112,Non-antimicrobial,0.0,0.0
1704,OG0003586,66.01730063646573,0.1661183796436257,Non-antimicrobial,0.0,0.0
1705,OG0003927,31.59923090523338,0.99931993787648,Antimicrobial,0.0,0.0
1706,OG0003585,60.28072033898305,0.9664560413471542,Antimicrobial,0.0,0.0
1707,OG0003182,,,,1.0,0.0
1708,OG0003939,53.92345485519592,0.0177118173781538,Non-antimicrobial,0.0,0.0
1709,OG0003938,54.396949537279546,0.7123845627375084,Antimicrobial,0.0,0.0
1710,OG0003937,28.10567926455567,1.625924781760396e-05,Non-antimicrobial,0.0,0.0
1711,OG0003602,56.66526727509778,3.196805388046308e-07,Non-antimicrobial,0.0,0.0
1712,OG0003936,50.55749084249084,0.9983150920069426,Antimicrobial,0.0,0.0
1713,OG0003580,45.6470243204578,0.0060287157517056,Non-antimicrobial,0.0,0.0
1714,OG0003935,69.87753128007701,4.437472087118163e-05,Non-antimicrobial,0.0,0.0
1715,OG0003934,52.76117330016584,0.7594750765844855,Antimicrobial,0.0,0.0
1716,OG0003203,48.00331950207469,0.0015679065479993,Non-antimicrobial,0.0,0.0
1717,OG0003858,69.05415332771693,0.1832632860591333,Non-antimicrobial,0.0,0.0
1718,OG0003859,47.8401012145749,0.0010800132311946,Non-antimicrobial,0.0,0.0
1719,OG0003579,27.36265741199801,0.6281035374228005,Antimicrobial,0.0,0.0
1720,OG0003578,53.08808325266215,0.9678441200712056,Antimicrobial,0.0,0.0
1721,OG0003933,81.80268692284778,0.066976694537442,Non-antimicrobial,0.0,0.0
1722,OG0003860,41.33916963226572,0.0016643023525594,Non-antimicrobial,0.0,0.0
1723,OG0003577,30.67857021996616,0.8656000276643607,Antimicrobial,0.0,0.0
1724,OG0003575,54.35404858299596,0.8707239014634942,Antimicrobial,0.0,0.0
1725,OG0003574,41.34202849002849,0.0002814476870226,Non-antimicrobial,0.0,0.0
1726,OG0003202,57.198105590062106,0.999224340733894,Antimicrobial,0.0,0.0
1727,OG0003940,36.55544964028777,0.5489226656451691,Antimicrobial,0.0,0.0
1728,OG0003941,31.19262001627339,0.9998242106552416,Antimicrobial,0.0,0.0
1729,OG0003856,49.23432762836185,0.0086725290655475,Non-antimicrobial,0.0,0.0
1730,OG0003931,50.7016001330672,0.9999990902156642,Antimicrobial,0.0,0.0
1731,OG0003223,34.32762084118016,0.6499898586880899,Antimicrobial,0.0,0.0
1732,OG0003913,,,,0.0,0.0
1733,OG0003852,84.74828352490422,0.9706799745554006,Antimicrobial,0.0,0.0
1734,OG0003862,,,,0.0,1.0
1735,OG0003219,29.727734082397006,0.7143276650737292,Antimicrobial,0.0,0.0
1736,OG0003218,49.61033306687983,0.0475831580935922,Non-antimicrobial,0.0,0.0
1737,OG0003930,31.51383126369613,0.0294888963000397,Non-antimicrobial,0.0,0.0
1738,OG0003853,55.26969804618117,0.032972049877481,Non-antimicrobial,0.0,0.0
1739,OG0003854,60.072920754716975,0.4731934246018839,Non-antimicrobial,0.0,0.0
1740,OG0003581,30.79615157480315,0.0042544173766792,Non-antimicrobial,0.0,0.0
1741,OG0003584,,,,0.0,1.0
1742,OG0003932,56.2681309169597,0.2775702138317339,Non-antimicrobial,0.0,0.0
1743,OG0003855,,,,0.0,1.0
1744,OG0003583,73.78546329723225,0.1787190058937527,Non-antimicrobial,0.0,0.0
1745,OG0003207,67.18041406017277,0.99996242088639,Antimicrobial,0.0,0.0
1746,OG0003205,73.0027963375402,0.0264603646389128,Non-antimicrobial,0.0,0.0
1747,OG0003582,26.87827908217716,0.0,Non-antimicrobial,0.0,0.0
1748,OG0003861,52.27816532258065,0.4409618474060527,Non-antimicrobial,0.0,0.0
1749,OG0003857,52.26699061292104,0.0722218009153986,Non-antimicrobial,0.0,0.0
1750,OG0003425,57.96552083333333,0.7224116859327445,Antimicrobial,0.0,0.0
1751,OG0003603,57.534050320670936,0.0807542596689095,Non-antimicrobial,0.0,0.0
1752,OG0003692,41.1126848874598,0.862015209716144,Antimicrobial,0.0,0.0
1753,OG0003084,,,,0.0,1.0
1754,OG0003791,27.44003135264258,0.0,Non-antimicrobial,0.0,0.0
1755,OG0003793,54.59046068308181,0.0004905910594704,Non-antimicrobial,0.0,0.0
1756,OG0003794,69.67274031563845,0.983847412215666,Antimicrobial,0.0,0.0
1757,OG0003796,60.30340595497458,0.7026166251268204,Antimicrobial,0.0,0.0
1758,OG0003797,45.03104526748972,0.2738818316847344,Non-antimicrobial,0.0,0.0
1759,OG0003698,,,,0.0,1.0
1760,OG0003696,32.09663481953291,0.0090535946485912,Non-antimicrobial,0.0,0.0
1761,OG0003695,86.7378247642227,0.0290587153900974,Non-antimicrobial,0.0,0.0
1762,OG0003694,74.62441860465115,0.0586385646572664,Non-antimicrobial,0.0,0.0
1763,OG0003686,,,,0.0,1.0
1764,OG0003699,47.453887704335465,0.0007092421612805,Non-antimicrobial,0.0,0.0
1765,OG0003668,57.27534934497817,0.0086370361003728,Non-antimicrobial,0.0,0.0
1766,OG0003665,62.809370491803286,0.9691730268817268,Antimicrobial,0.0,0.0
1767,OG0003664,61.48802810902897,0.9895976433594278,Antimicrobial,0.0,0.0
1768,OG0003663,70.39588188347966,0.1403161637344421,Non-antimicrobial,0.0,0.0
1769,OG0003659,78.67371229698375,0.6942151594959797,Antimicrobial,0.0,0.0
1770,OG0003654,78.99753623188407,0.9709336449362808,Antimicrobial,0.0,0.0
1771,OG0003089,63.30905982905984,0.8634947800493908,Antimicrobial,0.0,0.0
1772,OG0003653,82.75129285193289,0.945419009552358,Antimicrobial,0.0,0.0
1773,OG0003651,,,,0.0,1.0
1774,OG0003650,80.00728540772533,0.2270184059611298,Non-antimicrobial,0.0,0.0
1775,OG0003790,32.31120627261761,0.6811396892801771,Antimicrobial,0.0,0.0
1776,OG0003700,40.69402459016394,2.6597180085970234e-05,Non-antimicrobial,0.0,0.0
1777,OG0003605,,,,0.0,1.0
1778,OG0003779,63.23875426621161,0.8690998417243876,Antimicrobial,0.0,0.0
1779,OG0003738,61.68639111774585,0.9999998650876912,Antimicrobial,0.0,0.0
1780,OG0003746,37.17881386861314,0.0028702132091365,Non-antimicrobial,0.0,0.0
1781,OG0003752,65.58844776119405,0.3179567587441047,Non-antimicrobial,0.0,0.0
1782,OG0003753,34.81035495716034,0.0280513589059663,Non-antimicrobial,0.0,0.0
1783,OG0003754,40.57398671096345,0.0077269404729321,Non-antimicrobial,0.0,0.0
1784,OG0003755,38.15789423383243,0.9996184074770575,Antimicrobial,0.0,0.0
1785,OG0003759,,,,0.0,1.0
1786,OG0003713,72.00535449020933,0.9623001736241992,Antimicrobial,0.0,0.0
1787,OG0003712,58.9793696345352,0.0952256498882929,Non-antimicrobial,0.0,0.0
1788,OG0003764,79.65977528089888,0.1297760190083269,Non-antimicrobial,0.0,0.0
1789,OG0003780,27.67254147812972,0.9897381563636356,Antimicrobial,0.0,0.0
1790,OG0003702,32.02115361977634,0.9992341935878856,Antimicrobial,0.0,0.0
1791,OG0003781,,,,0.0,0.0
1792,OG0003782,81.4476868953386,0.0190057999059498,Non-antimicrobial,0.0,0.0
1793,OG0003783,52.12512524084778,0.9846159318469412,Antimicrobial,0.0,0.0
1794,OG0003784,38.84748387096774,0.0012029604948717,Non-antimicrobial,0.0,0.0
1795,OG0003785,32.005445887445894,0.2683929255934144,Non-antimicrobial,0.0,0.0
1796,OG0003711,27.47319105691057,0.9953885870433452,Antimicrobial,0.0,0.0
1797,OG0003710,28.48566825775656,0.3036920693946658,Non-antimicrobial,0.0,0.0
1798,OG0003787,59.07837065637066,0.3217722612716154,Non-antimicrobial,0.0,0.0
1799,OG0003788,72.43535638070848,0.1538182883048784,Non-antimicrobial,0.0,0.0
1800,OG0003704,48.8983000487092,0.9906029836512428,Antimicrobial,0.0,0.0
1801,OG0003100,79.63210459183674,0.9623061167300422,Antimicrobial,0.0,0.0
1802,OG0003647,31.29483506126296,0.8986800246311801,Antimicrobial,0.0,0.0
1803,OG0003643,,,,0.0,0.0
1804,OG0003619,,,,0.0,1.0
1805,OG0003840,62.3122401847575,0.6240249588010748,Antimicrobial,0.0,0.0
1806,OG0003842,70.14929975429975,0.7972496750914828,Antimicrobial,0.0,0.0
1807,OG0003948,44.22767995240929,0.1056590355186736,Non-antimicrobial,0.0,0.0
1808,OG0003843,,,,0.0,1.0
1809,OG0003844,41.44778364116095,0.0621404900012046,Non-antimicrobial,0.0,0.0
1810,OG0003145,26.919132492113565,0.276736975232245,Non-antimicrobial,0.0,0.0
1811,OG0003148,32.66285947712419,0.009313639214823,Non-antimicrobial,0.0,0.0
1812,OG0003154,46.88093073593074,0.0176913759756782,Non-antimicrobial,0.0,0.0
1813,OG0003155,49.32021442495126,0.000968170550829,Non-antimicrobial,0.0,0.0
1814,OG0003947,42.87393322900365,0.998599077219076,Antimicrobial,0.0,0.0
1815,OG0003613,53.336715116279066,0.4855597087307129,Non-antimicrobial,0.0,0.0
1816,OG0003642,65.80717625899281,0.997957824373898,Antimicrobial,0.0,0.0
1817,OG0003946,73.62673327541268,0.9920610156925724,Antimicrobial,0.0,0.0
1818,OG0003161,57.988613518197575,0.3826261875803724,Non-antimicrobial,0.0,0.0
1819,OG0003845,29.50626855123675,0.0038807920260826,Non-antimicrobial,0.0,0.0
1820,OG0003612,50.799521782674006,0.9994108993807364,Antimicrobial,0.0,0.0
1821,OG0003846,,,,0.0,1.0
1822,OG0003849,41.26102469135802,0.0047361970037216,Non-antimicrobial,0.0,0.0
1823,OG0003611,82.39034817813766,0.1309520196248608,Non-antimicrobial,0.0,0.0
1824,OG0003609,,,,0.0,1.0
1825,OG0003606,31.64054846938776,0.0076756428931144,Non-antimicrobial,0.0,0.0
1826,OG0003850,76.95710484637314,0.3367847851529689,Non-antimicrobial,0.0,0.0
1827,OG0003839,47.83358862144419,0.3520604898701139,Non-antimicrobial,0.0,0.0
1828,OG0003837,51.4879674796748,0.3935718666798298,Non-antimicrobial,0.0,0.0
1829,OG0003131,63.99672780325135,0.9993945948993724,Antimicrobial,0.0,0.0
1830,OG0003836,35.5886231884058,0.8015849759254366,Antimicrobial,0.0,0.0
1831,OG0003101,69.53252427184466,0.8191280054840606,Antimicrobial,0.0,0.0
1832,OG0003641,47.55989655172414,0.1331131588441127,Non-antimicrobial,0.0,0.0
1833,OG0003798,26.7561135857461,0.0134026267939021,Non-antimicrobial,0.0,0.0
1834,OG0003799,41.39699364214351,0.0108052514255435,Non-antimicrobial,0.0,0.0
1835,OG0003105,77.6379806763285,0.7436996201321882,Antimicrobial,0.0,0.0
1836,OG0003800,34.62487532808399,0.4056882069379917,Non-antimicrobial,0.0,0.0
1837,OG0003814,26.23262295081967,0.00212722295119,Non-antimicrobial,0.0,0.0
1838,OG0003822,83.69612831858407,0.3396359625409473,Non-antimicrobial,0.0,0.0
1839,OG0003109,80.79400215749732,0.6040768274871808,Antimicrobial,0.0,0.0
1840,OG0003824,40.042711864406776,0.7272319312032074,Antimicrobial,0.0,0.0
1841,OG0003826,42.50134570765661,0.0674239540705286,Non-antimicrobial,0.0,0.0
1842,OG0003828,73.80905448717948,0.1014766842712564,Non-antimicrobial,0.0,0.0
1843,OG0003112,70.41514764565044,0.1594933676460612,Non-antimicrobial,0.0,0.0
1844,OG0003628,76.73660720411664,0.9979541041032954,Antimicrobial,0.0,0.0
1845,OG0003624,54.84399673735726,0.2974708420433522,Non-antimicrobial,0.0,0.0
1846,OG0003122,,,,0.0,1.0
1847,OG0003126,55.84109413965088,0.0535984988048872,Non-antimicrobial,0.0,0.0
1848,OG0003622,68.17241165530069,0.9913748286035016,Antimicrobial,0.0,0.0
1849,OG0003621,,,,0.0,0.0
1850,OG0003832,51.29754237288135,0.7860661374768194,Antimicrobial,0.0,0.0
1851,OG0003835,28.895375531412373,0.9999940352760138,Antimicrobial,0.0,0.0
1852,OG0003569,28.147649536647013,0.3188907964258767,Non-antimicrobial,0.0,0.0
1853,OG0003549,67.38799109980928,0.0899625133460463,Non-antimicrobial,0.0,0.0
1854,OG0003568,60.108356435643564,0.4230162859675689,Non-antimicrobial,0.0,0.0
1855,OG0003383,32.40054162936437,0.9028132174950456,Antimicrobial,0.0,0.0
1856,OG0003465,42.79541198501872,0.4762210295767828,Non-antimicrobial,0.0,0.0
1857,OG0003371,,,,1.0,0.0
1858,OG0003373,44.81282934738549,0.9989021718422304,Antimicrobial,0.0,0.0
1859,OG0003374,,,,0.0,1.0
1860,OG0003375,73.79169574319609,0.9921733910506456,Antimicrobial,0.0,0.0
1861,OG0003464,55.77430979978925,0.2023400785708038,Non-antimicrobial,0.0,0.0
1862,OG0003463,49.15434349719975,0.746690389133965,Antimicrobial,0.0,0.0
1863,OG0003462,30.610647548566146,0.9383632048624674,Antimicrobial,0.0,0.0
1864,OG0003379,,,,0.0,1.0
1865,OG0003381,86.38440210249671,0.0731034629308326,Non-antimicrobial,0.0,0.0
1866,OG0003382,,,,0.0,1.0
1867,OG0003384,35.9488538380652,0.2966285519706396,Non-antimicrobial,0.0,0.0
1868,OG0003394,,,,0.0,1.0
1869,OG0003385,29.22478703703704,0.1229133607301861,Non-antimicrobial,0.0,0.0
1870,OG0003461,48.0593625498008,0.9292570897948842,Antimicrobial,0.0,0.0
1871,OG0003460,,,,0.0,1.0
1872,OG0003386,34.098378870673955,0.8339768264448051,Antimicrobial,0.0,0.0
1873,OG0003459,,,,0.0,1.0
1874,OG0003387,35.373472972972976,0.0028859227775989,Non-antimicrobial,0.0,0.0
1875,OG0003458,39.26255451713395,0.0861043116409934,Non-antimicrobial,0.0,0.0
1876,OG0003388,42.81795057520239,0.9123805735501412,Antimicrobial,0.0,0.0
1877,OG0003390,,,,0.0,0.0
1878,OG0003457,31.055888524590163,0.9965295069130076,Antimicrobial,0.0,0.0
1879,OG0003392,39.84758469945356,0.7528817112343557,Antimicrobial,0.0,0.0
1880,OG0003370,49.13490163012929,0.995777041723753,Antimicrobial,0.0,0.0
1881,OG0003357,,,,0.0,1.0
1882,OG0003468,,,,0.0,1.0
1883,OG0003336,32.04564304461942,0.1762924884280555,Non-antimicrobial,0.0,0.0
1884,OG0003318,,,,0.0,1.0
1885,OG0003320,34.96490573770492,0.8379959171580366,Antimicrobial,0.0,0.0
1886,OG0003321,,,,0.0,1.0
1887,OG0003322,49.03011842105263,0.9377141088884569,Antimicrobial,0.0,0.0
1888,OG0003323,47.028279475982536,0.9503792714145608,Antimicrobial,0.0,0.0
1889,OG0003325,,,,0.0,1.0
1890,OG0003326,61.80887285843102,0.4244700469430319,Non-antimicrobial,0.0,0.0
1891,OG0003327,,,,1.0,0.0
1892,OG0003328,,,,0.0,1.0
1893,OG0003329,,,,0.0,1.0
1894,OG0003331,68.27494004796164,0.9032231373640884,Antimicrobial,0.0,0.0
1895,OG0003332,61.24325408618128,0.0246548060251817,Non-antimicrobial,0.0,0.0
1896,OG0003480,,,,0.0,1.0
1897,OG0003479,51.2579179331307,0.0001075897123691,Non-antimicrobial,0.0,0.0
1898,OG0003333,72.95303974221267,0.8183422148665693,Antimicrobial,0.0,0.0
1899,OG0003334,69.63250181712458,0.0,Non-antimicrobial,0.0,0.0
1900,OG0003476,43.85197368421053,0.9979651829378264,Antimicrobial,0.0,0.0
1901,OG0003475,26.92147301587302,0.973187301450636,Antimicrobial,0.0,0.0
1902,OG0003474,85.27520080321285,0.2649657144399083,Non-antimicrobial,0.0,0.0
1903,OG0003473,36.18833333333333,0.910254813822056,Antimicrobial,0.0,0.0
1904,OG0003472,33.05614097968937,0.1929647402456644,Non-antimicrobial,0.0,0.0
1905,OG0003470,,,,0.0,1.0
1906,OG0003469,48.17312066574201,0.8279221008857154,Antimicrobial,0.0,0.0
1907,OG0003393,44.85122632103689,0.0020367940685967,Non-antimicrobial,0.0,0.0
1908,OG0003395,49.87748259860789,0.4986506322542583,Antimicrobial,0.0,0.0
1909,OG0003482,54.56014802631578,0.5182282198814073,Antimicrobial,0.0,0.0
1910,OG0003416,85.16603058510638,0.60398007248563,Antimicrobial,0.0,0.0
1911,OG0003405,55.265197740113,0.9973766026965204,Antimicrobial,0.0,0.0
1912,OG0003434,66.32698113207547,0.971225409668276,Antimicrobial,0.0,0.0
1913,OG0003433,45.27728840125392,0.0238099882869513,Non-antimicrobial,0.0,0.0
1914,OG0003406,25.93610146862484,0.9999048730392158,Antimicrobial,0.0,0.0
1915,OG0003432,41.07501312335958,0.0013483239656171,Non-antimicrobial,0.0,0.0
1916,OG0003407,51.62809815950919,0.5329940777214677,Antimicrobial,0.0,0.0
1917,OG0003410,70.76595467032966,0.8686865967844395,Antimicrobial,0.0,0.0
1918,OG0003411,42.18619322873658,0.0283432114290595,Non-antimicrobial,0.0,0.0
1919,OG0003412,34.73925343811395,0.0289187422492887,Non-antimicrobial,0.0,0.0
1920,OG0003414,,,,0.0,1.0
1921,OG0003415,71.20361782477342,0.3843912230829073,Non-antimicrobial,0.0,0.0
1922,OG0003417,38.20233261339093,0.0163233664870527,Non-antimicrobial,0.0,0.0
1923,OG0003456,,,,1.0,1.0
1924,OG0003418,52.77671140939598,0.0643788046911624,Non-antimicrobial,0.0,0.0
1925,OG0003419,56.32545766590389,0.532104893230439,Antimicrobial,0.0,0.0
1926,OG0003420,26.89586727989488,0.0036914369968717,Non-antimicrobial,0.0,0.0
1927,OG0003430,52.23111111111111,0.2949647660878109,Non-antimicrobial,0.0,0.0
1928,OG0003421,25.15523395721925,0.98541580152256,Antimicrobial,0.0,0.0
1929,OG0003429,69.01462115528882,0.5805721628893281,Antimicrobial,0.0,0.0
1930,OG0003422,27.57614423851733,0.9882063097815152,Antimicrobial,0.0,0.0
1931,OG0003428,66.22041800643086,0.954229893561067,Antimicrobial,0.0,0.0
1932,OG0003423,70.44401360544218,0.9819045519030508,Antimicrobial,0.0,0.0
1933,OG0003427,42.14706281833617,0.7059264936554827,Antimicrobial,0.0,0.0
1934,OG0003426,59.43670967741936,0.994904500166227,Antimicrobial,0.0,0.0
1935,OG0003435,40.86233485193622,0.9699161637675876,Antimicrobial,0.0,0.0
1936,OG0003436,40.66282261063592,0.0062812642127235,Non-antimicrobial,0.0,0.0
1937,OG0003437,28.963913875598088,0.4900300544253857,Non-antimicrobial,0.0,0.0
1938,OG0003439,48.72776995305164,0.8347243386816973,Antimicrobial,0.0,0.0
1939,OG0003396,54.32109113563546,0.1126252333493554,Non-antimicrobial,0.0,0.0
1940,OG0003455,62.418063380281694,0.7048587805539277,Antimicrobial,0.0,0.0
1941,OG0003397,63.13492130115425,0.3112143883910293,Non-antimicrobial,0.0,0.0
1942,OG0003398,33.90936239427456,0.1138361569109896,Non-antimicrobial,0.0,0.0
1943,OG0003454,56.9512648456057,0.2780497577891446,Non-antimicrobial,0.0,0.0
1944,OG0003453,50.24483792544571,0.0009372700219622,Non-antimicrobial,0.0,0.0
1945,OG0003452,86.74918357248886,0.9231875525371134,Antimicrobial,0.0,0.0
1946,OG0003451,51.7454462242563,0.029604741728446,Non-antimicrobial,0.0,0.0
1947,OG0003399,26.88081349206349,0.1451687409526985,Non-antimicrobial,0.0,0.0
1948,OG0003400,46.04432970334209,0.9927216775679348,Antimicrobial,0.0,0.0
1949,OG0003450,61.52178270042194,0.9301750175154748,Antimicrobial,0.0,0.0
1950,OG0003448,41.99921493370552,0.9991061208596348,Antimicrobial,0.0,0.0
1951,OG0003446,72.02491596638654,0.0853418637662112,Non-antimicrobial,0.0,0.0
1952,OG0003445,77.98026178010471,0.4020270815579139,Non-antimicrobial,0.0,0.0
1953,OG0003444,64.0335238095238,0.965565357617846,Antimicrobial,0.0,0.0
1954,OG0003401,30.095927643784787,0.1039369637620768,Non-antimicrobial,0.0,0.0
1955,OG0003402,35.454615062761505,0.998922705733647,Antimicrobial,0.0,0.0
1956,OG0003443,27.169055466237943,0.9999997005770058,Antimicrobial,0.0,0.0
1957,OG0003442,81.30926007730535,0.0843692985369614,Non-antimicrobial,0.0,0.0
1958,OG0003403,44.800331491712704,0.998303728058829,Antimicrobial,0.0,0.0
1959,OG0003441,27.7950930460333,0.9428364746843128,Antimicrobial,0.0,0.0
1960,OG0003404,32.38452843273232,0.1375471114479561,Non-antimicrobial,0.0,0.0
1961,OG0003440,,,,0.0,1.0
1962,OG0003314,43.80330992098332,0.6454913793519419,Antimicrobial,0.0,0.0
1963,OG0003483,42.05783847980997,0.0272559832036463,Non-antimicrobial,0.0,0.0
1964,OG0003567,34.88339774557166,0.7907427135333707,Antimicrobial,0.0,0.0
1965,OG0003256,60.82652741514361,2.5382102481436585e-08,Non-antimicrobial,0.0,0.0
1966,OG0003537,53.0475910693302,0.6271728846122508,Antimicrobial,0.0,0.0
1967,OG0003534,49.34968145620023,0.1576230119513679,Non-antimicrobial,0.0,0.0
1968,OG0003533,43.34266897746967,0.4873569154173494,Non-antimicrobial,0.0,0.0
1969,OG0003532,59.32130211307825,0.0310409479765776,Non-antimicrobial,0.0,0.0
1970,OG0003531,55.8712947299935,0.1073898001533711,Non-antimicrobial,0.0,0.0
1971,OG0003530,36.17436159346271,0.9010670136916274,Antimicrobial,0.0,0.0
1972,OG0003254,48.42199356913184,0.8391928764589713,Antimicrobial,0.0,0.0
1973,OG0003529,,,,0.0,1.0
1974,OG0003528,69.48575411913814,0.2228290600026038,Non-antimicrobial,0.0,0.0
1975,OG0003255,54.23948837209303,0.0047581825415192,Non-antimicrobial,0.0,0.0
1976,OG0003527,66.76754943502826,0.6720085861451385,Antimicrobial,0.0,0.0
1977,OG0003260,,,,0.0,1.0
1978,OG0003274,48.92189323220537,0.0,Non-antimicrobial,0.0,0.0
1979,OG0003264,83.32982320099255,0.0033929997807091,Non-antimicrobial,0.0,0.0
1980,OG0003265,39.74107765451664,0.7692070095827029,Antimicrobial,0.0,0.0
1981,OG0003266,25.29604359313078,0.999999119218684,Antimicrobial,0.0,0.0
1982,OG0003267,30.919254518072293,0.1259508541419682,Non-antimicrobial,0.0,0.0
1983,OG0003268,74.13277108433735,0.9902811285856664,Antimicrobial,0.0,0.0
1984,OG0003269,29.43437908496732,0.3429496160141487,Non-antimicrobial,0.0,0.0
1985,OG0003270,31.90710739856802,0.4975563240404714,Antimicrobial,0.0,0.0
1986,OG0003271,28.32376695929769,0.4495681300759668,Non-antimicrobial,0.0,0.0
1987,OG0003272,52.60191468253968,0.998020358069192,Antimicrobial,0.0,0.0
1988,OG0003273,47.93238361266294,0.0040580943455826,Non-antimicrobial,0.0,0.0
1989,OG0003526,,,,0.0,1.0
1990,OG0003538,82.98321037463977,0.3613204460004685,Non-antimicrobial,0.0,0.0
1991,OG0003539,70.78614242027085,0.9438551499615636,Antimicrobial,0.0,0.0
1992,OG0003541,30.046648113790976,0.1256124326427858,Non-antimicrobial,0.0,0.0
1993,OG0003542,89.63293853073463,0.9609111899996324,Antimicrobial,0.0,0.0
1994,OG0003868,,,,0.0,0.0
1995,OG0003566,44.55766666666666,0.0031408199776098,Non-antimicrobial,0.0,0.0
1996,OG0003565,51.31079258010119,0.0984800669590618,Non-antimicrobial,0.0,0.0
1997,OG0003564,81.80042025862068,2.5839991303807427e-05,Non-antimicrobial,0.0,0.0
1998,OG0003230,40.27222611464968,0.9973774857517956,Antimicrobial,0.0,0.0
1999,OG0003563,,,,0.0,1.0
2000,OG0003562,67.49237445753255,0.2206826630526356,Non-antimicrobial,0.0,0.0
2001,OG0003561,79.64312783906554,0.2537062957415422,Non-antimicrobial,0.0,0.0
2002,OG0003869,33.792546222926575,0.9999996887540868,Antimicrobial,0.0,0.0
2003,OG0003559,63.084771547248174,0.2542666726239211,Non-antimicrobial,0.0,0.0
2004,OG0003558,34.87115891132572,0.0570840724200164,Non-antimicrobial,0.0,0.0
2005,OG0003233,58.99217391304347,0.9980577380927038,Antimicrobial,0.0,0.0
2006,OG0003235,30.215686761963955,0.93359235977684,Antimicrobial,0.0,0.0
2007,OG0003557,31.39699470899471,0.9721435571612256,Antimicrobial,0.0,0.0
2008,OG0003556,42.98500897666069,0.0772226784662591,Non-antimicrobial,0.0,0.0
2009,OG0003553,58.901338199513376,0.495738370341423,Antimicrobial,0.0,0.0
2010,OG0003552,36.64059692307693,0.8467488015952446,Antimicrobial,0.0,0.0
2011,OG0003550,,,,0.0,1.0
2012,OG0003424,,,,1.0,0.0
2013,OG0003548,,,,0.0,1.0
2014,OG0003547,27.34341288782816,0.9902391731794598,Antimicrobial,0.0,0.0
2015,OG0003546,69.92557196731615,0.3870182510666733,Non-antimicrobial,0.0,0.0
2016,OG0003544,55.13526297814208,0.8641143317735219,Antimicrobial,0.0,0.0
2017,OG0003525,40.87219376391982,0.0060686404430595,Non-antimicrobial,0.0,0.0
2018,OG0003275,36.10042904290429,0.2171424984251166,Non-antimicrobial,0.0,0.0
2019,OG0003313,79.52521594684386,0.1281500336804936,Non-antimicrobial,0.0,0.0
2020,OG0003293,,,,0.0,1.0
2021,OG0003286,39.09021739130435,0.001648059475441,Non-antimicrobial,0.0,0.0
2022,OG0003287,31.874414573753093,0.0,Non-antimicrobial,0.0,0.0
2023,OG0003288,27.65960833333333,0.8651494929736488,Antimicrobial,0.0,0.0
2024,OG0003289,32.388829215896884,0.023619271461157,Non-antimicrobial,0.0,0.0
2025,OG0003492,85.270116156283,0.0001211799797331,Non-antimicrobial,0.0,0.0
2026,OG0003491,76.73936319718928,0.3640946530232922,Non-antimicrobial,0.0,0.0
2027,OG0003488,71.89601604278074,0.8762579287911599,Antimicrobial,0.0,0.0
2028,OG0003290,,,,0.0,1.0
2029,OG0003486,48.73917475728155,0.9956898951012876,Antimicrobial,0.0,0.0
2030,OG0003485,76.15186813186814,0.940883074491314,Antimicrobial,0.0,0.0
2031,OG0003291,93.11443925233644,0.2445842710724602,Non-antimicrobial,0.0,0.0
2032,OG0003296,47.74177065767285,0.0034830586063518,Non-antimicrobial,0.0,0.0
2033,OG0003524,24.71682614379085,0.9996607970196512,Antimicrobial,0.0,0.0
2034,OG0003297,52.839868289762514,0.9999999993134052,Antimicrobial,0.0,0.0
2035,OG0003300,71.90516605166053,0.2160211658029768,Non-antimicrobial,0.0,0.0
2036,OG0003301,86.86289036544851,0.7749630246443338,Antimicrobial,0.0,0.0
2037,OG0003304,81.60766463752074,0.5879390762144847,Antimicrobial,0.0,0.0
2038,OG0003484,40.948152562574485,0.0026399712702201,Non-antimicrobial,0.0,0.0
2039,OG0003305,26.81673414820473,1.0,Antimicrobial,0.0,0.0
2040,OG0003306,,,,1.0,0.0
2041,OG0003307,69.13598814229249,0.3508250015127729,Non-antimicrobial,0.0,0.0
2042,OG0003308,40.32505604719764,0.4212851763750674,Non-antimicrobial,0.0,0.0
2043,OG0003311,85.89224337748344,0.4554374888754691,Non-antimicrobial,0.0,0.0
2044,OG0003312,58.13976935749587,0.0003656254482982,Non-antimicrobial,0.0,0.0
2045,OG0003493,64.33441223832529,0.5668860856386336,Antimicrobial,0.0,0.0
2046,OG0003285,,,,1.0,0.0
2047,OG0003284,48.52232339089482,0.9967058684773908,Antimicrobial,0.0,0.0
2048,OG0003494,69.53211221122112,0.0089871139143532,Non-antimicrobial,0.0,0.0
2049,OG0003523,54.682704039571306,0.2875170991517081,Non-antimicrobial,0.0,0.0
2050,OG0003276,82.7705347593583,0.7921940388344852,Antimicrobial,0.0,0.0
2051,OG0003522,70.42388010540185,0.2067249021492134,Non-antimicrobial,0.0,0.0
2052,OG0003521,50.28075437537719,0.9692957844147124,Antimicrobial,0.0,0.0
2053,OG0003277,41.05997257769653,0.9015199068307466,Antimicrobial,0.0,0.0
2054,OG0003278,35.69172463768116,0.6178708689815486,Antimicrobial,0.0,0.0
2055,OG0003520,75.7123289994347,0.9859914102716536,Antimicrobial,0.0,0.0
2056,OG0003519,81.75198757763974,0.9419317525109974,Antimicrobial,0.0,0.0
2057,OG0003518,,,,0.0,1.0
2058,OG0003517,56.37806295399516,0.9594069780284284,Antimicrobial,0.0,0.0
2059,OG0003515,,,,0.0,1.0
2060,OG0003514,63.54008196721311,0.7058296301609163,Antimicrobial,0.0,0.0
2061,OG0003513,76.59635229357798,0.2785913707700221,Non-antimicrobial,0.0,0.0
2062,OG0003512,79.06359580052494,0.9619610909629648,Antimicrobial,0.0,0.0
2063,OG0003505,49.49963855421686,0.0017922821672569,Non-antimicrobial,0.0,0.0
2064,OG0003504,47.24770017706079,0.0,Non-antimicrobial,0.0,0.0
2065,OG0003497,,,,0.0,0.0
2066,OG0003496,,,,0.0,1.0
2067,OG0003280,32.76533052039382,0.3472664105141113,Non-antimicrobial,0.0,0.0
2068,OG0003281,70.61547107438017,0.7452188766288684,Antimicrobial,0.0,0.0
2069,OG0003282,39.02324061196106,0.2870047029491478,Non-antimicrobial,0.0,0.0
2070,OG0003283,52.57897125567322,0.7707769216301084,Antimicrobial,0.0,0.0
2071,OG0003495,61.42687578735198,6.388966247584388e-09,Non-antimicrobial,0.0,0.0
2072,OG0003714,51.57476439790575,0.1522585205769348,Non-antimicrobial,0.0,0.0
2073,OG0003576,78.65170135275754,0.0152058272344955,Non-antimicrobial,0.0,0.0
2074,OG0001649,69.89432098765431,0.9184371431641174,Antimicrobial,0.0,0.0
2075,OG0002523,68.45444099378881,0.298502680879889,Non-antimicrobial,0.0,0.0
2076,OG0002311,54.15521508934481,0.9937416221494134,Antimicrobial,0.0,0.0
2077,OG0002326,35.765544554455445,0.0428967754917608,Non-antimicrobial,0.0,0.0
2078,OG0002345,45.215280373831774,0.012093445015088,Non-antimicrobial,0.0,0.0
2079,OG0002346,55.77473058637084,0.7587065931648471,Antimicrobial,0.0,0.0
2080,OG0002366,,,,0.0,1.0
2081,OG0001364,69.19401650103131,0.2236842552949104,Non-antimicrobial,0.0,0.0
2082,OG0002576,29.685025510204085,0.0970099460119643,Non-antimicrobial,0.0,0.0
2083,OG0002575,55.51603559870551,0.0215740727846822,Non-antimicrobial,0.0,0.0
2084,OG0002914,25.965514108082257,0.99999999919462,Antimicrobial,0.0,0.0
2085,OG0002573,55.11609682299546,0.0181816852112484,Non-antimicrobial,0.0,0.0
2086,OG0002543,64.15740648379052,0.9738522605787432,Antimicrobial,0.0,0.0
2087,OG0002908,29.024571428571427,0.1724092015684636,Non-antimicrobial,0.0,0.0
2088,OG0002885,54.70903825431035,0.0545309006887556,Non-antimicrobial,0.0,0.0
2089,OG0002884,,,,0.0,1.0
2090,OG0002883,39.43981991525424,0.4360981922681606,Non-antimicrobial,0.0,0.0
2091,OG0002292,47.60889005235602,0.5105787715342471,Antimicrobial,0.0,0.0
2092,OG0001417,67.0224717832957,0.9905722951156664,Antimicrobial,0.0,0.0
2093,OG0002935,36.122678100263855,0.4986889618406466,Antimicrobial,0.0,0.0
2094,OG0002248,55.83887074829933,0.369152490474695,Non-antimicrobial,0.0,0.0
2095,OG0002964,40.36865909090909,0.0070853272551517,Non-antimicrobial,0.0,0.0
2096,OG0001770,,,,0.0,1.0
2097,OG0002962,49.706880973066895,0.2833814750571458,Non-antimicrobial,0.0,0.0
2098,OG0002960,65.16069560378408,0.6673208030273465,Antimicrobial,0.0,0.0
2099,OG0001879,80.99000000000001,0.974803990353146,Antimicrobial,0.0,0.0
2100,OG0002241,74.59124657534247,0.8856006573534341,Antimicrobial,0.0,0.0
2101,OG0002955,47.75812227074236,0.996097287336348,Antimicrobial,0.0,0.0
2102,OG0002937,30.36746556473829,0.7633850750230166,Antimicrobial,0.0,0.0
2103,OG0001771,,,,0.0,1.0
2104,OG0002422,60.34730659025788,0.9398652573526796,Antimicrobial,0.0,0.0
2105,OG0001431,47.98679012345679,0.2058258187321507,Non-antimicrobial,0.0,0.0
2106,OG0002596,82.73966029723992,0.9202646051692924,Antimicrobial,0.0,0.0
2107,OG0002945,,,,0.0,1.0
2108,OG0002941,38.35733759318424,0.0006923195601743,Non-antimicrobial,0.0,0.0
2109,OG0002524,70.07591151622944,0.4992270383982189,Antimicrobial,0.0,0.0
2110,OG0002882,,,,0.0,1.0
2111,OG0002965,42.69493685419059,0.9716634739547032,Antimicrobial,0.0,0.0
2112,OG0002379,51.44479289940829,0.4093310983077624,Non-antimicrobial,0.0,0.0
2113,OG0002801,52.80503566333809,0.2222542108369828,Non-antimicrobial,0.0,0.0
2114,OG0002820,44.51217357910907,0.5001960573349316,Antimicrobial,0.0,0.0
2115,OG0002816,58.91790419161677,0.4486788610438457,Non-antimicrobial,0.0,0.0
2116,OG0001801,56.83347738693467,0.2726692143284704,Non-antimicrobial,0.0,0.0
2117,OG0002802,28.34059982094897,0.2716841535983364,Non-antimicrobial,0.0,0.0
2118,OG0002417,75.87198807157058,0.8705130146079516,Antimicrobial,0.0,0.0
2119,OG0002452,30.12914724275156,0.9935412853079694,Antimicrobial,0.0,0.0
2120,OG0002418,,,,0.0,1.0
2121,OG0002419,87.1612671594509,0.5405791299000344,Antimicrobial,0.0,0.0
2122,OG0002441,,,,1.0,0.0
2123,OG0001277,77.76388416075649,0.999999999966766,Antimicrobial,0.0,0.0
2124,OG0001278,,,,0.0,1.0
2125,OG0002804,67.3006746031746,0.1027242771210228,Non-antimicrobial,0.0,0.0
2126,OG0002431,34.953098471986415,0.9262857651196988,Antimicrobial,0.0,0.0
2127,OG0002811,41.71891540130152,0.7143162328533077,Antimicrobial,0.0,0.0
2128,OG0002831,,,,0.0,1.0
2129,OG0002410,61.863073684210526,0.6486138578972833,Antimicrobial,0.0,0.0
2130,OG0002407,,,,0.0,1.0
2131,OG0002510,54.32520792079208,0.004875632326402,Non-antimicrobial,0.0,0.0
2132,OG0002748,,,,0.0,1.0
2133,OG0002879,50.14040024630542,0.9986347806540906,Antimicrobial,0.0,0.0
2134,OG0001003,57.34397694524496,0.0932502945480506,Non-antimicrobial,0.0,0.0
2135,OG0002878,29.56311131386861,0.0282303222829752,Non-antimicrobial,0.0,0.0
2136,OG0001870,66.12453924914676,0.8342899662110761,Antimicrobial,0.0,0.0
2137,OG0001182,50.23849056603774,0.5770143608582954,Antimicrobial,0.0,0.0
2138,OG0002504,89.73749821300929,0.5611129023395959,Antimicrobial,0.0,0.0
2139,OG0002403,50.78285587583149,0.7631073333983955,Antimicrobial,0.0,0.0
2140,OG0001237,40.48997010463378,0.6883358177679126,Antimicrobial,0.0,0.0
2141,OG0002484,63.72343794579172,0.1267394503032478,Non-antimicrobial,0.0,0.0
2142,OG0002794,46.89214110429448,0.0399042439319853,Non-antimicrobial,0.0,0.0
2143,OG0002469,31.65381841323716,0.8449449450041264,Antimicrobial,0.0,0.0
2144,OG0002402,59.52690548780487,0.7302793875865807,Antimicrobial,0.0,0.0
2145,OG0002845,66.74851540616247,0.7647985043914255,Antimicrobial,0.0,0.0
2146,OG0002720,68.7676060848679,0.6517836288749406,Antimicrobial,0.0,0.0
2147,OG0002805,51.6655719237435,0.5006664175481146,Antimicrobial,0.0,0.0
2148,OG0002217,27.3955460305628,0.9999997190185632,Antimicrobial,0.0,0.0
2149,OG0002076,,,,0.0,1.0
2150,OG0002705,67.94279811097994,0.9491219902671184,Antimicrobial,0.0,0.0
2151,OG0002648,68.35636597938145,0.9833175756248552,Antimicrobial,0.0,0.0
2152,OG0002649,67.94856722997795,0.3847976334814147,Non-antimicrobial,0.0,0.0
2153,OG0001632,59.28045574057844,0.0132800467217909,Non-antimicrobial,0.0,0.0
2154,OG0002658,,,,0.0,1.0
2155,OG0002663,61.57412816691506,0.7269171730651978,Antimicrobial,0.0,0.0
2156,OG0002129,,,,0.0,1.0
2157,OG0002999,41.87564425770308,0.1393894379019584,Non-antimicrobial,0.0,0.0
2158,OG0002667,64.1192731829574,0.0696410873877501,Non-antimicrobial,0.0,0.0
2159,OG0003000,78.60306246545052,0.5682731155505413,Antimicrobial,0.0,0.0
2160,OG0002109,46.95709175738724,0.344593695096578,Non-antimicrobial,0.0,0.0
2161,OG0003005,34.49427543679342,0.0006737958316306,Non-antimicrobial,0.0,0.0
2162,OG0002668,,,,0.0,1.0
2163,OG0003009,63.43337782340862,0.7737958883285788,Antimicrobial,0.0,0.0
2164,OG0002708,31.41911636045494,0.2189100450498131,Non-antimicrobial,0.0,0.0
2165,OG0002671,72.19851788756388,0.8898813213872969,Antimicrobial,0.0,0.0
2166,OG0001765,64.82252022401991,0.3197280256524856,Non-antimicrobial,0.0,0.0
2167,OG0002034,33.62315068493151,0.5244975395696034,Antimicrobial,0.0,0.0
2168,OG0001740,54.632398601398606,0.9448762573142648,Antimicrobial,0.0,0.0
2169,OG0001739,37.700256410256415,0.3020547462240783,Non-antimicrobial,0.0,0.0
2170,OG0001738,83.65891450528339,0.9560404906540668,Antimicrobial,0.0,0.0
2171,OG0001736,81.29034402911016,0.0099250535791778,Non-antimicrobial,0.0,0.0
2172,OG0003022,41.46222317596567,0.0793377937978492,Non-antimicrobial,0.0,0.0
2173,OG0003038,39.99996932515337,0.0081553167163646,Non-antimicrobial,0.0,0.0
2174,OG0003039,34.54752759381899,0.0019074558973033,Non-antimicrobial,0.0,0.0
2175,OG0003067,73.765632,0.0802960658439879,Non-antimicrobial,0.0,0.0
2176,OG0002021,53.422073813708266,0.205129071256451,Non-antimicrobial,0.0,0.0
2177,OG0002011,48.11859427609428,0.8449541263475808,Antimicrobial,0.0,0.0
2178,OG0001892,33.43283551130471,0.9986971433665124,Antimicrobial,0.0,0.0
2179,OG0002121,32.89508731082655,0.2029724601519833,Non-antimicrobial,0.0,0.0
2180,OG0001574,72.29714893617022,0.9807344468690508,Antimicrobial,0.0,0.0
2181,OG0002967,27.540722495894908,0.9999999998982284,Antimicrobial,0.0,0.0
2182,OG0002970,,,,0.0,1.0
2183,OG0001769,56.48859785783837,0.4121391465331152,Non-antimicrobial,0.0,0.0
2184,OG0001883,46.66330985915493,0.9644487851202292,Antimicrobial,0.0,0.0
2185,OG0002205,73.5682512953368,0.7979030528071632,Antimicrobial,0.0,0.0
2186,OG0002618,48.456029567053854,0.1712294945924894,Non-antimicrobial,0.0,0.0
2187,OG0002980,75.9016845618108,2.0525943715566e-150,Non-antimicrobial,0.0,0.0
2188,OG0001598,84.45576779026217,0.9747811348231784,Antimicrobial,0.0,0.0
2189,OG0002982,36.325239410681405,0.0291969833405932,Non-antimicrobial,0.0,0.0
2190,OG0002192,,,,0.0,1.0
2191,OG0002210,33.575542005420054,0.184353847375541,Non-antimicrobial,0.0,0.0
2192,OG0002977,71.51694346289753,0.9237761961623752,Antimicrobial,0.0,0.0
2193,OG0003890,39.47110841913992,0.9982842476190492,Antimicrobial,0.0,0.0
2194,OG0003847,49.04130038022814,0.6331329981735211,Antimicrobial,0.0,0.0
2195,OG0001498,40.052011790714815,0.1145210416246887,Non-antimicrobial,0.0,0.0
2196,OG0001980,,,,1.0,0.0
2197,OG0003447,69.01055,0.0458188541577804,Non-antimicrobial,0.0,0.0
2198,OG0003720,36.663597606581895,0.9754698127213236,Antimicrobial,0.0,0.0
2199,OG0003176,30.75660220994475,0.9997879872587034,Antimicrobial,0.0,0.0
2200,OG0003175,47.14890946502058,0.8557499328065005,Antimicrobial,0.0,0.0
2201,OG0003174,37.15931484502447,0.2027756143513534,Non-antimicrobial,0.0,0.0
2202,OG0003719,60.75610738255033,0.7447479427477127,Antimicrobial,0.0,0.0
2203,OG0003438,67.233988988989,0.5253584335580036,Antimicrobial,0.0,0.0
2204,OG0001365,51.783060109289615,0.8913193397075422,Antimicrobial,0.0,0.0
2205,OG0002951,68.8717868852459,0.9735227404605752,Antimicrobial,0.0,0.0
2206,OG0003234,24.314830239927574,0.9999868607099722,Antimicrobial,0.0,0.0
2207,OG0002835,36.52379202988792,0.9932762937977224,Antimicrobial,0.0,0.0
2208,OG0003865,87.10900000000001,0.950819724852812,Antimicrobial,0.0,0.0
2209,OG0002531,62.151596752368064,0.2686059323692168,Non-antimicrobial,0.0,0.0
2210,OG0003431,51.72361516034984,0.6992643781110466,Antimicrobial,0.0,0.0
2211,OG0002584,83.98383002207507,0.9591982996769928,Antimicrobial,0.0,0.0
2212,OG0002586,45.52903846153846,0.0020606992402542,Non-antimicrobial,0.0,0.0
2213,OG0001317,61.02938705529361,0.8839218580591455,Antimicrobial,0.0,0.0
2214,OG0003449,34.94594336012246,0.999944274510278,Antimicrobial,0.0,0.0
2215,OG0003177,43.884092827004224,0.3923146640602882,Non-antimicrobial,0.0,0.0
2216,OG0002593,76.34083043478262,0.082344600213752,Non-antimicrobial,0.0,0.0
2217,OG0002934,43.93647211413748,0.239872598369301,Non-antimicrobial,0.0,0.0
2218,OG0002411,66.90293774319066,0.4484434303274857,Non-antimicrobial,0.0,0.0
2219,OG0003831,48.552899543379,0.0958941569563715,Non-antimicrobial,0.0,0.0
2220,OG0002854,77.10241106719367,0.8277074334861421,Antimicrobial,0.0,0.0
2221,OG0003722,,,,0.0,1.0
2222,OG0002016,70.89481735985532,0.9687464772776908,Antimicrobial,0.0,0.0
2223,OG0002420,75.26716738197425,0.9540228777238168,Antimicrobial,0.0,0.0
2224,OG0003467,48.193688811188814,0.0168024901530743,Non-antimicrobial,0.0,0.0
2225,OG0002844,72.56493429697765,0.983716427988826,Antimicrobial,0.0,0.0
2226,OG0002421,28.617480417754567,0.7036276185733604,Antimicrobial,0.0,0.0
2227,OG0003838,,,,0.0,0.0
2228,OG0003680,81.35174436090226,0.0044857262241573,Non-antimicrobial,0.0,0.0
2229,OG0002459,24.85958428506168,0.999999633605618,Antimicrobial,0.0,0.0
2230,OG0003607,62.370955465587045,0.8870267766438896,Antimicrobial,0.0,0.0
2231,OG0003721,66.86143925233644,0.90287382657356,Antimicrobial,0.0,0.0
2232,OG0003608,42.36096470588235,0.5972911565404886,Antimicrobial,0.0,0.0
2233,OG0001569,,,,0.0,1.0
2234,OG0003610,37.43248927038626,0.9984292905643092,Antimicrobial,0.0,0.0
2235,OG0002468,66.18972946859903,0.1050534757768665,Non-antimicrobial,0.0,0.0
2236,OG0001501,70.45828772478498,0.7892465408613757,Antimicrobial,0.0,0.0
2237,OG0002591,53.07089343379979,0.995754827554474,Antimicrobial,0.0,0.0
2238,OG0003872,36.14609281437126,0.0354299360419798,Non-antimicrobial,0.0,0.0
2239,OG0003901,36.90719939117199,0.8307548151392629,Antimicrobial,0.0,0.0
2240,OG0003248,79.19997484276729,0.7957778385023532,Antimicrobial,0.0,0.0
2241,OG0003077,65.91667,0.7638588080427372,Antimicrobial,0.0,0.0
2242,OG0003884,39.990389610389606,0.0094057759909927,Non-antimicrobial,0.0,0.0
2243,OG0003380,,,,0.0,1.0
2244,OG0003885,52.883063763608085,0.0,Non-antimicrobial,0.0,0.0
2245,OG0003886,29.707743132887902,5.095142814831034e-59,Non-antimicrobial,0.0,0.0
2246,OG0002683,71.81793961864408,0.9999274830629772,Antimicrobial,0.0,0.0
2247,OG0003887,25.855998563218392,0.7664259586517519,Antimicrobial,0.0,0.0
2248,OG0003888,24.94857021996616,0.979024193308192,Antimicrobial,0.0,0.0
2249,OG0003889,33.638179840464105,0.8254581102772268,Antimicrobial,0.0,0.0
2250,OG0003734,90.58271514629948,0.4349770511140761,Non-antimicrobial,0.0,0.0
2251,OG0003891,40.75911012235818,0.1272807345227558,Non-antimicrobial,0.0,0.0
2252,OG0003378,,,,0.0,1.0
2253,OG0003078,77.37709136109385,0.142286876630699,Non-antimicrobial,0.0,0.0
2254,OG0003893,38.884060810810816,0.0218519166388809,Non-antimicrobial,0.0,0.0
2255,OG0003894,,,,1.0,0.0
2256,OG0003152,47.80544392523365,0.2633214061898863,Non-antimicrobial,0.0,0.0
2257,OG0003896,39.67888815789473,0.8688192962532078,Antimicrobial,0.0,0.0
2258,OG0003897,31.837619047619047,0.9992667650336527,Antimicrobial,0.0,0.0
2259,OG0003898,31.50654516640253,0.0940663693808434,Non-antimicrobial,0.0,0.0
2260,OG0003249,58.55071503680336,0.4056368207897948,Non-antimicrobial,0.0,0.0
2261,OG0002961,33.126565064478314,0.1692314646159616,Non-antimicrobial,0.0,0.0
2262,OG0002603,31.8339065308568,0.0451050762149402,Non-antimicrobial,0.0,0.0
2263,OG0003389,65.40337752734504,0.5581058077159206,Antimicrobial,0.0,0.0
2264,OG0001932,58.00650355169692,0.8819716459503446,Antimicrobial,0.0,0.0
2265,OG0003717,44.65591216216216,0.2875443973752511,Non-antimicrobial,0.0,0.0
2266,OG0002607,46.6488301043219,0.0215002101490971,Non-antimicrobial,0.0,0.0
2267,OG0002953,40.86588034188034,0.1674995161108139,Non-antimicrobial,0.0,0.0
2268,OG0003413,29.558947740112995,0.974596490326078,Antimicrobial,0.0,0.0
2269,OG0002610,70.969046653144,0.6121658098723012,Antimicrobial,0.0,0.0
2270,OG0002611,44.390072463768114,0.0410448767742012,Non-antimicrobial,0.0,0.0
2271,OG0003409,25.312332942555688,0.9991283196689628,Antimicrobial,0.0,0.0
2272,OG0003408,70.62068403908796,0.9777553248134194,Antimicrobial,0.0,0.0
2273,OG0003625,39.92501222493888,0.9211763232921716,Antimicrobial,0.0,0.0
2274,OG0002615,59.08180815876516,0.9529739350278312,Antimicrobial,0.0,0.0
2275,OG0003716,62.806181020066894,0.9036048331891874,Antimicrobial,0.0,0.0
2276,OG0002627,,,,1.0,0.0
2277,OG0003627,31.597509270704577,0.9729210405416032,Antimicrobial,0.0,0.0
2278,OG0001918,73.0573156626506,0.9600352819836055,Antimicrobial,0.0,0.0
2279,OG0002660,33.44650894632207,0.3608868071327328,Non-antimicrobial,0.0,0.0
2280,OG0003629,,,,0.0,1.0
2281,OG0003159,82.25534005037782,0.6561338441315292,Antimicrobial,0.0,0.0
2282,OG0003391,61.86472540045767,0.7992142415196694,Antimicrobial,0.0,0.0
2283,OG0003477,34.2869892973476,0.7358477643284499,Antimicrobial,0.0,0.0
2284,OG0003478,29.35527616279069,0.1140020721354973,Non-antimicrobial,0.0,0.0
2285,OG0002409,29.88519337016575,0.9858562035610834,Antimicrobial,0.0,0.0
2286,OG0003197,40.74986952469711,0.6233930412874966,Antimicrobial,0.0,0.0
2287,OG0002202,79.83843711083438,0.9377493676977742,Antimicrobial,0.0,0.0
2288,OG0003760,89.04751757469244,0.2646368964070557,Non-antimicrobial,0.0,0.0
2289,OG0003761,49.53671428571429,0.0051540123371201,Non-antimicrobial,0.0,0.0
2290,OG0003733,48.43820630081301,0.0,Non-antimicrobial,0.0,0.0
2291,OG0003763,37.768066604995376,0.1804899410727713,Non-antimicrobial,0.0,0.0
2292,OG0003551,63.323621013133206,0.6894920064804342,Antimicrobial,0.0,0.0
2293,OG0002128,44.54866544789761,0.9962449452832473,Antimicrobial,0.0,0.0
2294,OG0003767,82.42255939524838,0.9860554236102576,Antimicrobial,0.0,0.0
2295,OG0003204,76.93258620689654,0.9421964597027748,Antimicrobial,0.0,0.0
2296,OG0003732,,,,0.0,1.0
2297,OG0003206,58.86443636363636,0.0046291424565297,Non-antimicrobial,0.0,0.0
2298,OG0003543,32.581999018886435,0.0,Non-antimicrobial,0.0,0.0
2299,OG0002078,70.1688622754491,0.9701323221321428,Antimicrobial,0.0,0.0
2300,OG0003540,60.81483790523691,0.1250842878424432,Non-antimicrobial,0.0,0.0
2301,OG0003536,65.41884303610907,0.5704163335677043,Antimicrobial,0.0,0.0
2302,OG0002071,48.08319018404908,0.0043930550320207,Non-antimicrobial,0.0,0.0
2303,OG0003209,73.44286248830684,0.8564063477003845,Antimicrobial,0.0,0.0
2304,OG0003210,85.35659266409266,0.9074763335291112,Antimicrobial,0.0,0.0
2305,OG0001766,61.07443828016643,0.8730010978247021,Antimicrobial,0.0,0.0
2306,OG0003200,41.159553191489366,0.3824677533948481,Non-antimicrobial,0.0,0.0
2307,OG0002200,55.0819090909091,0.1160539990417449,Non-antimicrobial,0.0,0.0
2308,OG0001648,61.97466619817287,0.9758000069518876,Antimicrobial,0.0,0.0
2309,OG0001773,38.864984709480126,0.8690092533956525,Antimicrobial,0.0,0.0
2310,OG0003736,72.16363427257045,0.0054945206920474,Non-antimicrobial,0.0,0.0
2311,OG0003737,42.987476839237054,0.9986235075930782,Antimicrobial,0.0,0.0
2312,OG0002172,64.51033112582782,0.0149544734577758,Non-antimicrobial,0.0,0.0
2313,OG0003739,47.160439061317184,0.042171895164971,Non-antimicrobial,0.0,0.0
2314,OG0002176,57.14943107221006,0.7557159214845738,Antimicrobial,0.0,0.0
2315,OG0003192,78.22283772302464,0.0691683523164417,Non-antimicrobial,0.0,0.0
2316,OG0003742,76.5013779527559,0.6019990742403244,Antimicrobial,0.0,0.0
2317,OG0002891,37.205746253746256,0.0,Non-antimicrobial,0.0,0.0
2318,OG0003744,27.999963833634723,0.3937179082321404,Non-antimicrobial,0.0,0.0
2319,OG0003745,45.33588548601864,0.4274879989583977,Non-antimicrobial,0.0,0.0
2320,OG0003747,41.09033333333333,0.0421849697353919,Non-antimicrobial,0.0,0.0
2321,OG0003748,36.22176340519624,0.9873761768455016,Antimicrobial,0.0,0.0
2322,OG0003749,35.12287627365356,0.999985180147403,Antimicrobial,0.0,0.0
2323,OG0002887,59.39380307692307,0.9603309786384993,Antimicrobial,0.0,0.0
2324,OG0003751,51.59351886209029,0.997188079739316,Antimicrobial,0.0,0.0
2325,OG0002191,35.225632306057385,0.7469961715872367,Antimicrobial,0.0,0.0
2326,OG0003573,56.29699228791773,0.7550512309727784,Antimicrobial,0.0,0.0
2327,OG0002198,69.15982504604052,0.9078111712389044,Antimicrobial,0.0,0.0
2328,OG0002199,40.510619047619045,0.0300778452185522,Non-antimicrobial,0.0,0.0
2329,OG0002259,43.80281722933643,0.334182658463229,Non-antimicrobial,0.0,0.0
2330,OG0002260,36.52264255910988,0.1700502772341721,Non-antimicrobial,0.0,0.0
2331,OG0003786,34.45874906924795,0.944928540617129,Antimicrobial,0.0,0.0
2332,OG0003789,73.75822695035461,0.8932218078035237,Antimicrobial,0.0,0.0
2333,OG0003727,39.41560132575758,0.9885831473488784,Antimicrobial,0.0,0.0
2334,OG0002385,47.70186134852801,0.5684509392487539,Antimicrobial,0.0,0.0
2335,OG0002386,53.50021645021645,0.1129988750231206,Non-antimicrobial,0.0,0.0
2336,OG0003599,34.578619072433554,0.9994750595650572,Antimicrobial,0.0,0.0
2337,OG0003726,75.90157790927022,0.3827287573589817,Non-antimicrobial,0.0,0.0
2338,OG0003725,64.96978412256267,0.0606120349762323,Non-antimicrobial,0.0,0.0
2339,OG0003224,30.880346628679963,0.9995779711293712,Antimicrobial,0.0,0.0
2340,OG0002024,32.61041379310345,0.2999192116596576,Non-antimicrobial,0.0,0.0
2341,OG0002022,27.444433634468385,0.2419389341286589,Non-antimicrobial,0.0,0.0
2342,OG0003815,61.913271413828696,0.8856487130001492,Antimicrobial,0.0,0.0
2343,OG0003816,48.34421423537703,0.9490738197123224,Antimicrobial,0.0,0.0
2344,OG0003724,54.329043020193154,0.3072247189842725,Non-antimicrobial,0.0,0.0
2345,OG0003818,57.30989671707857,0.9432866772891852,Antimicrobial,0.0,0.0
2346,OG0002399,,,,0.0,0.0
2347,OG0003723,38.80703819661866,0.8147205266128461,Antimicrobial,0.0,0.0
2348,OG0002401,64.8395197978096,0.163494553346145,Non-antimicrobial,0.0,0.0
2349,OG0003181,30.621250000000003,0.9998660013568764,Antimicrobial,0.0,0.0
2350,OG0003823,78.29406829268294,0.4570330204315025,Non-antimicrobial,0.0,0.0
2351,OG0003825,,,,0.0,1.0
2352,OG0003728,37.44485497545739,1.130139712542096e-07,Non-antimicrobial,0.0,0.0
2353,OG0003501,35.57588005215124,0.0211342250007859,Non-antimicrobial,0.0,0.0
2354,OG0003222,29.85700318326512,0.4082598749732047,Non-antimicrobial,0.0,0.0
2355,OG0003590,31.50809218950064,0.8120315616292114,Antimicrobial,0.0,0.0
2356,OG0003212,70.72426724137931,0.1054427291030472,Non-antimicrobial,0.0,0.0
2357,OG0002269,48.09668660287082,0.8969651958198155,Antimicrobial,0.0,0.0
2358,OG0002313,28.64745240253853,0.7473010059699768,Antimicrobial,0.0,0.0
2359,OG0002322,64.25010563380282,0.0910538613849037,Non-antimicrobial,0.0,0.0
2360,OG0003795,28.27251221896383,0.754880217479757,Antimicrobial,0.0,0.0
2361,OG0001669,83.5311695777139,0.1516414097116458,Non-antimicrobial,0.0,0.0
2362,OG0001668,63.30688458434221,0.4388382255547291,Non-antimicrobial,0.0,0.0
2363,OG0003516,78.57664429530202,0.8917500322704818,Antimicrobial,0.0,0.0
2364,OG0002375,21.656898617511523,0.998423102187091,Antimicrobial,0.0,0.0
2365,OG0002029,30.206656976744185,0.4207972384683844,Non-antimicrobial,0.0,0.0
2366,OG0003801,71.17782677165354,0.9955459407532692,Antimicrobial,0.0,0.0
2367,OG0003731,57.2695294117647,0.9367341870138768,Antimicrobial,0.0,0.0
2368,OG0003802,23.9317731629393,0.0,Non-antimicrobial,0.0,0.0
2369,OG0003803,44.07750000000001,0.5169645046906852,Antimicrobial,0.0,0.0
2370,OG0003593,45.76146981627296,0.2386467302305834,Non-antimicrobial,0.0,0.0
2371,OG0002032,,,,0.0,1.0
2372,OG0003730,87.10593430656935,0.3735882119538051,Non-antimicrobial,0.0,0.0
2373,OG0003729,71.17004530744336,0.9652851438111796,Antimicrobial,0.0,0.0
2374,OG0003899,36.527276785714285,0.0178547386319436,Non-antimicrobial,0.0,0.0
2375,OG0003735,79.58544267053702,0.1431428705972747,Non-antimicrobial,0.0,0.0
2376,OG0003150,36.871742627345846,0.1196719574334394,Non-antimicrobial,0.0,0.0
2377,OG0003691,70.06024042742655,0.9319803780309256,Antimicrobial,0.0,0.0
2378,OG0002752,75.20855791962175,0.7302586180880714,Antimicrobial,0.0,0.0
2379,OG0003662,45.12220125786164,0.0591480273401715,Non-antimicrobial,0.0,0.0
2380,OG0002750,83.27197033898304,0.3515759541837459,Non-antimicrobial,0.0,0.0
2381,OG0002714,23.81153832150009,0.9999833333702488,Antimicrobial,0.0,0.0
2382,OG0003324,55.36716814159293,0.2602597259384831,Non-antimicrobial,0.0,0.0
2383,OG0002715,,,,0.0,1.0
2384,OG0002716,34.87054752066116,0.8090208164806858,Antimicrobial,0.0,0.0
2385,OG0002718,50.9719555214724,0.4544512552010248,Non-antimicrobial,0.0,0.0
2386,OG0002719,35.56745,0.0069818164626961,Non-antimicrobial,0.0,0.0
2387,OG0002749,,,,0.0,0.0
2388,OG0001849,84.74821022727272,0.8347604469446801,Antimicrobial,0.0,0.0
2389,OG0002753,39.571751937984494,0.6904843797739688,Antimicrobial,0.0,0.0
2390,OG0001848,63.81431596091206,0.1527197522498973,Non-antimicrobial,0.0,0.0
2391,OG0003309,75.01157221206581,0.8343907875808111,Antimicrobial,0.0,0.0
2392,OG0001868,81.39314285714285,0.8731183607151866,Antimicrobial,0.0,0.0
2393,OG0002979,82.7372,0.2651554231693009,Non-antimicrobial,0.0,0.0
2394,OG0003693,77.5185642678124,0.9286137968646568,Antimicrobial,0.0,0.0
2395,OG0003315,,,,0.0,1.0
2396,OG0003316,75.75344680851063,0.6029321564392935,Antimicrobial,0.0,0.0
2397,OG0003317,,,,0.0,1.0
2398,OG0003292,,,,0.0,1.0
2399,OG0002727,39.93912048192771,0.8412377973142963,Antimicrobial,0.0,0.0
2400,OG0003697,42.05463026952315,0.9886914823921,Antimicrobial,0.0,0.0
2401,OG0003310,62.12328789093826,0.0082820108902028,Non-antimicrobial,0.0,0.0
2402,OG0002994,,,,0.0,1.0
2403,OG0002726,28.538566084788027,0.0197861636049516,Non-antimicrobial,0.0,0.0
2404,OG0002721,34.64398657718121,0.0899446912276556,Non-antimicrobial,0.0,0.0
2405,OG0003263,73.99896358543417,0.2700099117408199,Non-antimicrobial,0.0,0.0
2406,OG0001875,48.74108133971293,0.195634365395314,Non-antimicrobial,0.0,0.0
2407,OG0003687,,,,0.0,1.0
2408,OG0003674,,,,1.0,0.0
2409,OG0003648,59.459323170731714,0.3077134706450477,Non-antimicrobial,0.0,0.0
2410,OG0003261,55.603159509202456,0.0015178866791372,Non-antimicrobial,0.0,0.0
2411,OG0002976,52.08551440329217,0.00093768901913,Non-antimicrobial,0.0,0.0
2412,OG0003688,76.8379411764706,0.0081003727671052,Non-antimicrobial,0.0,0.0
2413,OG0003138,48.15380136986302,0.9599266258149096,Antimicrobial,0.0,0.0
2414,OG0002991,87.5141640378549,0.8624827682242455,Antimicrobial,0.0,0.0
2415,OG0001882,58.5185132382892,0.7546705248510561,Antimicrobial,0.0,0.0
2416,OG0002799,33.77804107424961,0.2860769962703297,Non-antimicrobial,0.0,0.0
2417,OG0003656,65.46536609829488,0.900853277478354,Antimicrobial,0.0,0.0
2418,OG0003302,54.088925619834704,0.0793076228554806,Non-antimicrobial,0.0,0.0
2419,OG0003646,,,,0.0,1.0
2420,OG0003922,49.12180616740088,0.028540700594511,Non-antimicrobial,0.0,0.0
2421,OG0002790,33.12172915072686,0.712133716039408,Antimicrobial,0.0,0.0
2422,OG0003144,50.110038729666925,0.856577806900181,Antimicrobial,0.0,0.0
2423,OG0003372,,,,0.0,1.0
2424,OG0003149,40.97451790633609,0.0022992351612779,Non-antimicrobial,0.0,0.0
2425,OG0003088,,,,1.0,0.0
2426,OG0003682,80.98393277310925,0.9606553366624144,Antimicrobial,0.0,0.0
2427,OG0003090,,,,0.0,1.0
2428,OG0003092,44.999512195121945,0.0070956609105099,Non-antimicrobial,0.0,0.0
2429,OG0003094,64.07512711864408,0.9613931823327126,Antimicrobial,0.0,0.0
2430,OG0003014,66.78464572680788,0.5990613751080334,Antimicrobial,0.0,0.0
2431,OG0003095,,,,0.0,1.0
2432,OG0003915,35.0807786259542,0.8556606839625941,Antimicrobial,0.0,0.0
2433,OG0003143,44.57906342182891,0.2583890959984236,Non-antimicrobial,0.0,0.0
2434,OG0003916,49.99804932735426,0.0032183601251967,Non-antimicrobial,0.0,0.0
2435,OG0002807,69.79619667389731,0.6164979978648242,Antimicrobial,0.0,0.0
2436,OG0003140,65.97209099709583,0.0480609224397111,Non-antimicrobial,0.0,0.0
2437,OG0003303,84.31102325581395,0.8837173282371033,Antimicrobial,0.0,0.0
2438,OG0001220,67.01457601222307,0.5406992286604735,Antimicrobial,0.0,0.0
2439,OG0001016,60.75817739975698,0.4691381146091252,Non-antimicrobial,0.0,0.0
2440,OG0002711,71.21819725141472,0.0748350122369345,Non-antimicrobial,0.0,0.0
2441,OG0000982,60.66131147540983,0.8964993108630419,Antimicrobial,0.0,0.0
2442,OG0003279,39.99841085271318,0.0688947449145691,Non-antimicrobial,0.0,0.0
2443,OG0002729,41.02751164958062,0.9982429976331922,Antimicrobial,0.0,0.0
2444,OG0002712,55.40050346129641,0.2485308308593545,Non-antimicrobial,0.0,0.0
2445,OG0001847,54.25382793451759,0.0360162694660092,Non-antimicrobial,0.0,0.0
2446,OG0003002,31.08650865312265,0.9985855101308024,Antimicrobial,0.0,0.0
2447,OG0002736,,,,0.0,1.0
2448,OG0003949,76.3510645293876,0.0149367467360896,Non-antimicrobial,0.0,0.0
2449,OG0000894,,,,0.0,1.0
2450,OG0002788,34.23986297289246,0.9999989848056016,Antimicrobial,0.0,0.0
2451,OG0002730,52.37986149584488,0.7509583759805664,Antimicrobial,0.0,0.0
2452,OG0002779,24.3421261682243,0.892051703005741,Antimicrobial,0.0,0.0
2453,OG0003114,68.92182875264271,0.9806839501698548,Antimicrobial,0.0,0.0
2454,OG0002709,67.38661559888578,0.4073818585375461,Non-antimicrobial,0.0,0.0
2455,OG0002778,26.283267750213856,0.0450249101032596,Non-antimicrobial,0.0,0.0
2456,OG0002710,65.43345158906133,0.967106328128902,Antimicrobial,0.0,0.0
2457,OG0003068,53.39747536945813,0.5540027123677375,Antimicrobial,0.0,0.0
2458,OG0001611,73.55937499999999,0.8384726397079049,Antimicrobial,0.0,0.0
2459,OG0001576,73.80908993576017,0.7126626069263499,Antimicrobial,0.0,0.0
2460,OG0001573,71.13088113050706,0.0597183752924621,Non-antimicrobial,0.0,0.0
2461,OG0003841,64.41098121085595,0.5938662613773413,Antimicrobial,0.0,0.0
2462,OG0003830,,,,0.0,1.0
2463,OG0003848,,,,0.0,0.0
2464,OG0001495,62.86518433179723,0.4615816246535816,Non-antimicrobial,0.0,0.0
2465,OG0001480,54.34152394775036,0.2052422104527631,Non-antimicrobial,0.0,0.0
2466,OG0001429,68.29054522924412,0.7935887053324302,Antimicrobial,0.0,0.0
2467,OG0001424,35.18184294871795,0.5732047487087795,Antimicrobial,0.0,0.0
2468,OG0001612,67.53277975133216,0.2473179490143573,Non-antimicrobial,0.0,0.0
2469,OG0003829,24.559905362776025,0.3977789224931059,Non-antimicrobial,0.0,0.0
2470,OG0003811,78.18818609022556,0.3148743257553193,Non-antimicrobial,0.0,0.0
2471,OG0003805,,,,1.0,0.0
2472,OG0003806,,,,0.0,1.0
2473,OG0003807,80.80037486611924,0.5793982663966616,Antimicrobial,0.0,0.0
2474,OG0003827,63.78144414168938,0.1856076524666672,Non-antimicrobial,0.0,0.0
2475,OG0001663,25.39668307692308,0.0374282381249567,Non-antimicrobial,0.0,0.0
2476,OG0003817,75.78613526570048,0.0915873459154848,Non-antimicrobial,0.0,0.0
2477,OG0003820,30.52382978723404,0.9799467928703358,Antimicrobial,0.0,0.0
2478,OG0001376,63.776400625978106,0.9561537996017015,Antimicrobial,0.0,0.0
2479,OG0001375,58.71356934306569,0.9242395526957142,Antimicrobial,0.0,0.0
2480,OG0001279,78.5565055910543,0.6816371552162898,Antimicrobial,0.0,0.0
2481,OG0003902,56.33518828451883,0.3820697464552368,Non-antimicrobial,0.0,0.0
2482,OG0001268,73.75200000000001,0.2019416893434033,Non-antimicrobial,0.0,0.0
2483,OG0003920,33.24986342943854,0.6087029008617212,Antimicrobial,0.0,0.0
2484,OG0003892,34.72944881889763,0.0501785209974791,Non-antimicrobial,0.0,0.0
2485,OG0003867,42.58878444084279,0.973272592487278,Antimicrobial,0.0,0.0
2486,OG0003870,63.79121212121211,0.944623678817906,Antimicrobial,0.0,0.0
2487,OG0001306,60.17465838509317,0.5074764718567248,Antimicrobial,0.0,0.0
2488,OG0001872,77.28170807453417,0.9518905364056846,Antimicrobial,0.0,0.0
2489,OG0003683,68.01690363349131,0.4882276825377866,Non-antimicrobial,0.0,0.0
2490,OG0003685,,,,0.0,1.0
2491,OG0001873,80.2456815578465,0.1187856198487262,Non-antimicrobial,0.0,0.0
2492,OG0003701,,,,0.0,1.0
2493,OG0003708,77.07244010088273,0.8968445313440822,Antimicrobial,0.0,0.0
2494,OG0001880,69.17328148148148,0.0229199625732821,Non-antimicrobial,0.0,0.0
2495,OG0001878,53.05046511627908,0.0609230092763372,Non-antimicrobial,0.0,0.0
2496,OG0001877,62.38307351638619,0.7267167206744957,Antimicrobial,0.0,0.0
2497,OG0003666,60.55707910750507,0.7030944374392751,Antimicrobial,0.0,0.0
2498,OG0003669,53.64089538171537,0.0213996587153924,Non-antimicrobial,0.0,0.0
2499,OG0003671,75.44300875273524,0.9235686305001828,Antimicrobial,0.0,0.0
2500,OG0003777,81.2705179704017,0.120752235505348,Non-antimicrobial,0.0,0.0
2501,OG0003770,80.32004464285714,0.8539988545850161,Antimicrobial,0.0,0.0
2502,OG0003771,31.94602615694165,0.7761455786415006,Antimicrobial,0.0,0.0
2503,OG0003772,76.91947543713572,0.5315378281962644,Antimicrobial,0.0,0.0
2504,OG0003773,54.00477611940298,0.0085809089800911,Non-antimicrobial,0.0,0.0
2505,OG0003774,27.61124489154354,0.9999709016502232,Antimicrobial,0.0,0.0
2506,OG0003775,36.86497752808989,0.1254506508974923,Non-antimicrobial,0.0,0.0
2507,OG0001820,33.02967126193001,0.1211084524149658,Non-antimicrobial,0.0,0.0
2508,OG0001760,58.30702479338843,0.9231998133260012,Antimicrobial,0.0,0.0
2509,OG0001673,63.29547508305648,0.9390225014239996,Antimicrobial,0.0,0.0
2510,OG0003792,65.14293402777778,0.9793328498184526,Antimicrobial,0.0,0.0
2511,OG0003769,51.6374814126394,0.4452697525133027,Non-antimicrobial,0.0,0.0
2512,OG0003768,44.995589459084606,0.2661804780548364,Non-antimicrobial,0.0,0.0
2513,OG0003766,49.324808766652346,0.0362726524111821,Non-antimicrobial,0.0,0.0
2514,OG0003765,41.53749488334015,0.9952259388093078,Antimicrobial,0.0,0.0
2515,OG0001819,42.74568601583113,0.2532037210533474,Non-antimicrobial,0.0,0.0
2516,OG0003715,33.91497446373851,0.9884006572135402,Antimicrobial,0.0,0.0
2517,OG0003740,28.82514806378132,0.0070650442203728,Non-antimicrobial,0.0,0.0
2518,OG0003743,26.57022449433208,0.9999999999075532,Antimicrobial,0.0,0.0
2519,OG0003750,38.00036862003781,0.3484245080478146,Non-antimicrobial,0.0,0.0
2520,OG0003756,34.00781791907515,0.0684788497241537,Non-antimicrobial,0.0,0.0
2521,OG0003757,29.81583670169766,0.8487443762691914,Antimicrobial,0.0,0.0
2522,OG0003762,67.81579768786128,0.3573492406598323,Non-antimicrobial,0.0,0.0
2523,OG0003951,33.3270297029703,0.0088152297482122,Non-antimicrobial,0.0,0.0
2524,OG0000367,86.6580472239949,0.6664785703844125,Antimicrobial,0.0,0.0
2525,OG0000510,56.4935523420308,0.9786565849272412,Antimicrobial,0.0,0.0
2526,OG0001260,75.58704918032787,0.8597857586430844,Antimicrobial,0.0,0.0
2527,OG0001180,52.900122887864825,0.940183162104541,Antimicrobial,0.0,0.0
2528,OG0001157,63.73712121212122,0.933157439544883,Antimicrobial,0.0,0.0
2529,OG0001149,81.00323782234958,0.6288616573276168,Antimicrobial,0.0,0.0
2530,OG0000784,53.64005970149253,0.0187744860553084,Non-antimicrobial,0.0,0.0
2531,OG0003657,27.42047826086957,0.3202623774413474,Non-antimicrobial,0.0,0.0
2532,OG0003655,46.42854430379747,8.86308829685581e-05,Non-antimicrobial,0.0,0.0
2533,OG0003652,,,,0.0,1.0
2534,OG0002756,55.69694078947368,0.0672253463884198,Non-antimicrobial,0.0,0.0
2535,OG0002785,69.97673053892215,0.1230331051910572,Non-antimicrobial,0.0,0.0
2536,OG0002747,34.67847184986596,0.2348335066037936,Non-antimicrobial,0.0,0.0
2537,OG0002739,47.756903765690375,0.0042736504674702,Non-antimicrobial,0.0,0.0
2538,OG0002738,61.35445000000001,0.4353686703044124,Non-antimicrobial,0.0,0.0
2539,OG0003294,72.10296695886716,0.3998906261992635,Non-antimicrobial,0.0,0.0
2540,OG0003298,,,,0.0,1.0
2541,OG0002829,58.64655319148935,0.9276145656171436,Antimicrobial,0.0,0.0
2542,OG0003262,74.29850574712644,0.723999468088281,Antimicrobial,0.0,0.0
2543,OG0003252,30.578519805420434,0.1607958355895519,Non-antimicrobial,0.0,0.0
2544,OG0003257,52.379689081706445,0.0040755889511473,Non-antimicrobial,0.0,0.0
2545,OG0003258,38.17722852512156,0.0230148194139137,Non-antimicrobial,0.0,0.0
2546,OG0003299,32.05839694656488,0.8310852199212714,Antimicrobial,0.0,0.0
2547,OG0003354,30.50679586563308,0.030337368375251,Non-antimicrobial,0.0,0.0
2548,OG0003347,44.89739745403112,0.5445624567709437,Antimicrobial,0.0,0.0
2549,OG0003348,22.83854380426204,0.9999999816482448,Antimicrobial,0.0,0.0
2550,OG0003349,29.182579150579148,0.9395739297286084,Antimicrobial,0.0,0.0
2551,OG0003350,61.71739898989899,0.5572688341134436,Antimicrobial,0.0,0.0
2552,OG0003351,57.07809405940595,0.6047719436107399,Antimicrobial,0.0,0.0
2553,OG0003352,38.849378881987576,0.4997334091989366,Antimicrobial,0.0,0.0
2554,OG0003353,35.68749283667622,0.1097512349116749,Non-antimicrobial,0.0,0.0
2555,OG0003355,60.88287458040891,0.9838022158178896,Antimicrobial,0.0,0.0
2556,OG0003356,61.97888082901554,0.3878214040273068,Non-antimicrobial,0.0,0.0
2557,OG0003358,57.16797153024912,0.860405162406543,Antimicrobial,0.0,0.0
2558,OG0003359,25.7086046511628,0.9936783097016988,Antimicrobial,0.0,0.0
2559,OG0003360,60.26275304978569,0.9870429694744348,Antimicrobial,0.0,0.0
2560,OG0003361,61.96557309540151,0.9916595274946416,Antimicrobial,0.0,0.0
2561,OG0003362,28.124979035639413,0.19711575908524,Non-antimicrobial,0.0,0.0
2562,OG0003346,75.73522875816992,0.873474011027809,Antimicrobial,0.0,0.0
2563,OG0003345,57.315991332611055,0.635055795998623,Antimicrobial,0.0,0.0
2564,OG0003344,70.13526429341964,0.8400673314000454,Antimicrobial,0.0,0.0
2565,OG0003343,51.03107142857142,0.5582454355727042,Antimicrobial,0.0,0.0
2566,OG0002731,,,,0.0,1.0
2567,OG0002728,77.99079407407407,0.999948136680477,Antimicrobial,0.0,0.0
2568,OG0002725,42.11881818181818,0.9964991522893872,Antimicrobial,0.0,0.0
2569,OG0003319,40.98933975240715,0.9316135465422106,Antimicrobial,0.0,0.0
2570,OG0003330,,,,0.0,0.0
2571,OG0003335,63.56523622047244,0.5421486486286551,Antimicrobial,0.0,0.0
2572,OG0003337,64.12811285846438,0.1023941433713046,Non-antimicrobial,0.0,0.0
2573,OG0003338,37.42601438848921,0.1486763351946541,Non-antimicrobial,0.0,0.0
2574,OG0003339,67.02845138055221,0.4305895864758493,Non-antimicrobial,0.0,0.0
2575,OG0003340,57.05243574051407,0.5425834979068825,Antimicrobial,0.0,0.0
2576,OG0003341,31.227907407407407,0.2406029887159256,Non-antimicrobial,0.0,0.0
2577,OG0003342,60.93642537313433,0.981709662762488,Antimicrobial,0.0,0.0
2578,OG0002836,65.48658198614318,0.1887693895711485,Non-antimicrobial,0.0,0.0
2579,OG0003232,39.246328545780976,0.2433847109671622,Non-antimicrobial,0.0,0.0
2580,OG0003231,34.02019784172662,0.9829888425237112,Antimicrobial,0.0,0.0
2581,OG0002990,53.884628099173554,0.08474912081555,Non-antimicrobial,0.0,0.0
2582,OG0002984,59.53066543438078,0.1366167035485342,Non-antimicrobial,0.0,0.0
2583,OG0003147,,,,0.0,1.0
2584,OG0002983,41.113703703703706,0.003964412658692,Non-antimicrobial,0.0,0.0
2585,OG0002966,66.11120802442215,0.3794007130405013,Non-antimicrobial,0.0,0.0
2586,OG0003076,59.268878048780486,0.9686089536688248,Antimicrobial,0.0,0.0
2587,OG0003066,39.55247191011236,0.1892170343868897,Non-antimicrobial,0.0,0.0
2588,OG0003083,68.06957050243112,0.1214681377842317,Non-antimicrobial,0.0,0.0
2589,OG0003086,32.74399916072178,0.0839011604142323,Non-antimicrobial,0.0,0.0
2590,OG0003019,83.80244139920663,0.7258361767077004,Antimicrobial,0.0,0.0
2591,OG0003091,48.6923192555476,0.910702750359762,Antimicrobial,0.0,0.0
2592,OG0003093,69.78372530573849,0.9360016442354736,Antimicrobial,0.0,0.0
2593,OG0003096,51.27281171548117,0.999976105922474,Antimicrobial,0.0,0.0
2594,OG0003097,42.85183727034121,0.0240058298432412,Non-antimicrobial,0.0,0.0
2595,OG0003098,46.35008806262231,0.8844656770931695,Antimicrobial,0.0,0.0
2596,OG0003099,59.692027491408936,0.996606519377644,Antimicrobial,0.0,0.0
2597,OG0003102,23.86896296296296,0.9999999999816236,Antimicrobial,0.0,0.0
2598,OG0003103,41.17476060191518,0.2235402105169589,Non-antimicrobial,0.0,0.0
2599,OG0003104,77.12120080726541,0.7973928515545642,Antimicrobial,0.0,0.0
2600,OG0003146,40.36598260869565,0.5784065135307409,Antimicrobial,0.0,0.0
2601,OG0003153,38.75403785488959,0.2143124838390565,Non-antimicrobial,0.0,0.0
2602,OG0003201,,,,0.0,0.0
2603,OG0002881,58.07262455516015,0.9019996224937392,Antimicrobial,0.0,0.0
2604,OG0003211,29.50321965897693,0.0011609934996276,Non-antimicrobial,0.0,0.0
2605,OG0003213,25.480440278988667,0.5285754540901316,Antimicrobial,0.0,0.0
2606,OG0003157,31.130462375339985,0.5074622159075985,Antimicrobial,0.0,0.0
2607,OG0002872,30.108828315703825,0.9281381763463004,Antimicrobial,0.0,0.0
2608,OG0002871,30.94863509749304,0.0351854568497354,Non-antimicrobial,0.0,0.0
2609,OG0002870,30.98077094972067,0.0510802053020616,Non-antimicrobial,0.0,0.0
2610,OG0002869,74.20183473389356,0.6527715671748141,Antimicrobial,0.0,0.0
2611,OG0002868,41.55268229166667,0.2758118036148055,Non-antimicrobial,0.0,0.0
2612,OG0002867,67.50183269961977,0.1711160884649713,Non-antimicrobial,0.0,0.0
2613,OG0002866,60.12468619246862,0.9681335497629148,Antimicrobial,0.0,0.0
2614,OG0003199,72.57465067043049,0.8415006814630025,Antimicrobial,0.0,0.0
2615,OG0003190,71.11626811594203,0.9572503334760744,Antimicrobial,0.0,0.0
2616,OG0003187,71.68138268156424,0.1861267835847343,Non-antimicrobial,0.0,0.0
2617,OG0003158,59.27137123745819,0.0040897767204499,Non-antimicrobial,0.0,0.0
2618,OG0003165,,,,0.0,1.0
2619,OG0003166,45.43964673913044,0.8443164224658883,Antimicrobial,0.0,0.0
2620,OG0003167,42.53554414784394,0.1091508837115313,Non-antimicrobial,0.0,0.0
2621,OG0003169,40.95159281437126,0.8693718701675174,Antimicrobial,0.0,0.0
2622,OG0003179,59.04879310344828,0.845464341768374,Antimicrobial,0.0,0.0
2623,OG0002915,69.40308868501529,0.2218749931783745,Non-antimicrobial,0.0,0.0
2624,OG0003363,31.06999299719888,0.8751220225750773,Antimicrobial,0.0,0.0
2625,OG0003364,33.252272012578615,0.3493374029186736,Non-antimicrobial,0.0,0.0
2626,OG0003365,51.8779217273954,0.2359213161008871,Non-antimicrobial,0.0,0.0
2627,OG0002154,35.326380813953485,0.9187497913144884,Antimicrobial,0.0,0.0
2628,OG0003560,36.07502788104089,0.0018381262978555,Non-antimicrobial,0.0,0.0
2629,OG0002177,,,,0.0,0.0
2630,OG0002174,76.60855123674912,0.9642121477885316,Antimicrobial,0.0,0.0
2631,OG0002156,40.22070807453416,0.1472528798221435,Non-antimicrobial,0.0,0.0
2632,OG0002077,77.15105985037407,0.6971474712548059,Antimicrobial,0.0,0.0
2633,OG0003587,32.135590452261305,0.2758754828753834,Non-antimicrobial,0.0,0.0
2634,OG0002035,33.311751527494906,0.7410206666797591,Antimicrobial,0.0,0.0
2635,OG0002370,80.39364030858245,0.7234971440029564,Antimicrobial,0.0,0.0
2636,OG0002323,36.016600790513834,0.1277679819057332,Non-antimicrobial,0.0,0.0
2637,OG0002262,63.533754180602,0.5576008948305378,Antimicrobial,0.0,0.0
2638,OG0002258,27.731763975155275,0.90921007217529,Antimicrobial,0.0,0.0
2639,OG0002257,34.152614555256065,0.0119371781111299,Non-antimicrobial,0.0,0.0
2640,OG0002220,44.50396860986547,0.1419352391279463,Non-antimicrobial,0.0,0.0
2641,OG0003545,61.33449237243556,0.999999981464443,Antimicrobial,0.0,0.0
2642,OG0002206,68.85498966230186,0.2930155806319436,Non-antimicrobial,0.0,0.0
2643,OG0002033,67.90364669873198,0.984737096109407,Antimicrobial,0.0,0.0
2644,OG0003633,52.4672375,0.0060152013716747,Non-antimicrobial,0.0,0.0
2645,OG0003635,84.12870747006272,0.0228228361442172,Non-antimicrobial,0.0,0.0
2646,OG0003636,36.071698473282446,0.563197814935635,Antimicrobial,0.0,0.0
2647,OG0003637,57.3618825722274,0.6632306174922309,Antimicrobial,0.0,0.0
2648,OG0003638,36.53596214511041,0.2147006373002316,Non-antimicrobial,0.0,0.0
2649,OG0003640,37.40434533551555,0.0393375881058209,Non-antimicrobial,0.0,0.0
2650,OG0003596,46.8269203497991,0.9998012880591404,Antimicrobial,0.0,0.0
2651,OG0003644,41.474725787631264,0.1471344824698019,Non-antimicrobial,0.0,0.0
2652,OG0003645,70.28705172413794,0.8771242409674427,Antimicrobial,0.0,0.0
2653,OG0001887,57.06093575418995,0.9304742991275576,Antimicrobial,0.0,0.0
2654,OG0003649,59.87408496732026,0.0922510473586604,Non-antimicrobial,0.0,0.0
2655,OG0003631,49.62631713554987,0.0151333137578751,Non-antimicrobial,0.0,0.0
2656,OG0003630,74.8343298969072,0.0846810786314516,Non-antimicrobial,0.0,0.0
2657,OG0001921,,,,1.0,1.0
2658,OG0002025,43.88415940224159,0.072675713340345,Non-antimicrobial,0.0,0.0
2659,OG0003604,86.08890307140008,0.9618795522128534,Antimicrobial,0.0,0.0
2660,OG0002014,,,,0.0,0.0
2661,OG0002003,90.51782485875708,0.9542150686933182,Antimicrobial,0.0,0.0
2662,OG0003614,,,,0.0,1.0
2663,OG0003616,61.11119565217391,0.818934993827124,Antimicrobial,0.0,0.0
2664,OG0001974,53.485758133824426,0.970101564976209,Antimicrobial,0.0,0.0
2665,OG0001933,41.46909836065574,0.8143229748512928,Antimicrobial,0.0,0.0
2666,OG0002378,,,,0.0,0.0
2667,OG0003366,53.6064871016692,0.7619871591606746,Antimicrobial,0.0,0.0
2668,OG0002631,30.562216404886563,0.4287369411823211,Non-antimicrobial,0.0,0.0
2669,OG0002625,49.47384287317621,0.4475901505258682,Non-antimicrobial,0.0,0.0
2670,OG0002605,47.10738131699847,0.095987044989485,Non-antimicrobial,0.0,0.0
2671,OG0002518,41.50562243502052,0.4736508694231446,Non-antimicrobial,0.0,0.0
2672,OG0002601,,,,0.0,1.0
2673,OG0002528,72.78196914033798,0.1099867122334938,Non-antimicrobial,0.0,0.0
2674,OG0002520,42.5916847826087,0.5037414074464852,Antimicrobial,0.0,0.0
2675,OG0002673,47.01102830188679,0.4932541469763892,Non-antimicrobial,0.0,0.0
2676,OG0003367,37.49684710351377,0.993184536813134,Antimicrobial,0.0,0.0
2677,OG0003369,59.997190254017625,0.1839426643445017,Non-antimicrobial,0.0,0.0
2678,OG0003376,60.44994122586063,0.8535376187821923,Antimicrobial,0.0,0.0
2679,OG0002680,35.57541740674955,0.4802335804968305,Non-antimicrobial,0.0,0.0
2680,OG0002679,33.84620408163265,0.7212115710282068,Antimicrobial,0.0,0.0
2681,OG0002678,28.247114351496545,0.6521411846398384,Antimicrobial,0.0,0.0
2682,OG0002676,57.58269953051643,0.8578844434375548,Antimicrobial,0.0,0.0
2683,OG0002519,57.749080779944286,0.6982319045876496,Antimicrobial,0.0,0.0
2684,OG0002517,79.87301274623407,0.8673898647338153,Antimicrobial,0.0,0.0
2685,OG0003500,82.07493251533744,0.5865987192912018,Antimicrobial,0.0,0.0
2686,OG0002393,69.66881875563571,0.3450548892098335,Non-antimicrobial,0.0,0.0
2687,OG0003498,41.61502396931928,0.9856651554838928,Antimicrobial,0.0,0.0
2688,OG0003499,58.32497556207233,0.8756823878992218,Antimicrobial,0.0,0.0
2689,OG0003502,82.46342032545287,0.0528936241352787,Non-antimicrobial,0.0,0.0
2690,OG0002516,73.06656284760845,0.1253193190575631,Non-antimicrobial,0.0,0.0
2691,OG0003503,,,,0.0,1.0
2692,OG0003508,36.08630678077682,5.2834644707627254e-08,Non-antimicrobial,0.0,0.0
2693,OG0003487,27.697075399847684,0.9977174354112076,Antimicrobial,0.0,0.0
2694,OG0002405,,,,0.0,1.0
2695,OG0002489,76.58842300556586,0.9894732397485893,Antimicrobial,0.0,0.0
2696,OG0002470,28.627115384615383,0.0587944527922902,Non-antimicrobial,0.0,0.0
2697,OG0003471,76.86981132075472,0.742309142064128,Antimicrobial,0.0,0.0
2698,OG0002413,85.81135316698656,0.9856591266008432,Antimicrobial,0.0,0.0
2699,OG0003481,54.82726708074534,0.4133835615812762,Non-antimicrobial,0.0,0.0
2700,OG0003075,35.589667338709674,0.971952281850428,Antimicrobial,0.0,0.0
2701,OG0003950,40.76381386861314,0.0001377408826003,Non-antimicrobial,0.0,0.0
2702,OG0003923,29.5344344231492,0.9829630087173804,Antimicrobial,0.0,0.0
2703,OG0003952,45.49281150159744,0.2661096285464204,Non-antimicrobial,0.0,0.0
2704,OG0003929,53.32585261353899,0.752192934793592,Antimicrobial,0.0,0.0
2705,OG0003928,75.27298394290811,0.0798028704544746,Non-antimicrobial,0.0,0.0
2706,OG0003926,31.185225846925974,0.9036624837285456,Antimicrobial,0.0,0.0
2707,OG0003925,25.406345334881923,0.9999999999480856,Antimicrobial,0.0,0.0
2708,OG0003924,37.51945077026122,0.9256059204527868,Antimicrobial,0.0,0.0
2709,OG0003921,33.923594132029336,0.0483369864526086,Non-antimicrobial,0.0,0.0
2710,OG0003906,59.00467583497053,0.8949158509688607,Antimicrobial,0.0,0.0
2711,OG0003919,44.04341750841751,0.8957370035364646,Antimicrobial,0.0,0.0
2712,OG0003918,28.14753324468085,0.8098137986314069,Antimicrobial,0.0,0.0
2713,OG0003917,32.4374016563147,0.431279398532684,Non-antimicrobial,0.0,0.0
2714,OG0003914,41.92447669664758,0.945707474886642,Antimicrobial,0.0,0.0
2715,OG0003912,39.059634703196345,0.6050135430136577,Antimicrobial,0.0,0.0
2716,OG0003911,46.24045454545455,0.9531206134827336,Antimicrobial,0.0,0.0
2717,OG0003910,33.500904471544715,0.0477427645323499,Non-antimicrobial,0.0,0.0
2718,OG0003909,43.69272792022792,0.9667986299315616,Antimicrobial,0.0,0.0
2719,OG0003908,31.83151923076923,0.5679659781025509,Antimicrobial,0.0,0.0
2720,OG0003907,31.164610389610388,0.8914811270200147,Antimicrobial,0.0,0.0
2721,OG0003905,43.75808777429467,0.2797493605050768,Non-antimicrobial,0.0,0.0
2722,OG0003670,82.15949127906977,0.5874640944035053,Antimicrobial,0.0,0.0
2723,OG0003703,82.97295532646048,0.5677958024297945,Antimicrobial,0.0,0.0
2724,OG0003778,42.12532544378698,0.1070974998532328,Non-antimicrobial,0.0,0.0
2725,OG0003776,65.45153225806452,0.1149030764496879,Non-antimicrobial,0.0,0.0
2726,OG0003758,59.07247018739353,0.9524774769798808,Antimicrobial,0.0,0.0
2727,OG0003741,,,,1.0,0.0
2728,OG0003718,31.68158200290276,0.0040600624958331,Non-antimicrobial,0.0,0.0
2729,OG0003709,35.87840939597316,0.008637617946099,Non-antimicrobial,0.0,0.0
2730,OG0003707,37.20160949868074,0.0364051692937239,Non-antimicrobial,0.0,0.0
2731,OG0003706,66.99608519269776,0.3412170685049972,Non-antimicrobial,0.0,0.0
2732,OG0003705,,,,0.0,1.0
2733,OG0003690,65.22256637168142,0.4586524950599508,Non-antimicrobial,0.0,0.0
2734,OG0003883,56.16700861715224,0.1479083466477459,Non-antimicrobial,0.0,0.0
2735,OG0003689,57.07352365415987,0.5843332552749823,Antimicrobial,0.0,0.0
2736,OG0003684,67.46420077220078,0.980093451481212,Antimicrobial,0.0,0.0
2737,OG0003681,30.48914072229141,0.0030913998067138,Non-antimicrobial,0.0,0.0
2738,OG0003679,76.90083916083917,0.6524737504558924,Antimicrobial,0.0,0.0
2739,OG0003678,42.30329253365973,0.0028618065003992,Non-antimicrobial,0.0,0.0
2740,OG0003677,67.52003963011889,0.7767842751949147,Antimicrobial,0.0,0.0
2741,OG0003676,67.0376379066478,0.9762882342124009,Antimicrobial,0.0,0.0
2742,OG0003675,36.26214407260351,0.7799168747913251,Antimicrobial,0.0,0.0
2743,OG0003673,37.51096774193548,0.0436419723685407,Non-antimicrobial,0.0,0.0
2744,OG0003804,45.35165966386555,0.9006956180705903,Antimicrobial,0.0,0.0
2745,OG0003808,84.3516936936937,0.9886704978310684,Antimicrobial,0.0,0.0
2746,OG0003809,53.25663734115348,0.8881400006958646,Antimicrobial,0.0,0.0
2747,OG0003810,40.64932593180016,0.772605783061318,Antimicrobial,0.0,0.0
2748,OG0003882,64.63226265822784,0.4454615835639504,Non-antimicrobial,0.0,0.0
2749,OG0003881,38.252152199762186,0.0002487791552448,Non-antimicrobial,0.0,0.0
2750,OG0003880,81.29256301029464,0.8157399980177149,Antimicrobial,0.0,0.0
2751,OG0003879,30.06475355969332,0.0598196908802305,Non-antimicrobial,0.0,0.0
2752,OG0003878,52.04258852258853,0.0189329406490501,Non-antimicrobial,0.0,0.0
2753,OG0003877,37.23797409805736,0.0007991415612482,Non-antimicrobial,0.0,0.0
2754,OG0003876,42.38511923688394,0.5396477659641876,Antimicrobial,0.0,0.0
2755,OG0003875,57.90296577946768,0.0459995328362643,Non-antimicrobial,0.0,0.0
2756,OG0003874,77.09412434325743,0.0058067388633668,Non-antimicrobial,0.0,0.0
2757,OG0003873,65.92833183047792,0.1067716401839216,Non-antimicrobial,0.0,0.0
2758,OG0003866,23.007076491790148,0.9999325303856132,Antimicrobial,0.0,0.0
2759,OG0003864,40.76798253275109,0.6380842014732456,Antimicrobial,0.0,0.0
2760,OG0003863,27.31816936488169,0.0264663730289454,Non-antimicrobial,0.0,0.0
2761,OG0003834,50.5235112936345,0.0596113371877022,Non-antimicrobial,0.0,0.0
2762,OG0003833,33.218642172523964,0.2041956646648944,Non-antimicrobial,0.0,0.0
2763,OG0003821,75.35366568914957,0.8917567428784069,Antimicrobial,0.0,0.0
2764,OG0003819,39.38962686567165,0.0023036713137588,Non-antimicrobial,0.0,0.0
2765,OG0003813,31.20954831932773,0.8294452134960911,Antimicrobial,0.0,0.0
2766,OG0003812,21.553696357735305,0.9988406780871654,Antimicrobial,0.0,0.0
2767,OG0003672,40.61753781004235,0.4147264240479822,Non-antimicrobial,0.0,0.0
2768,OG0003667,33.40848454636092,0.9658108567449392,Antimicrobial,0.0,0.0
2769,OG0002384,64.6900380228137,0.6047331068381622,Antimicrobial,0.0,0.0
2770,OG0002465,74.87399075500771,0.034337446065878,Non-antimicrobial,0.0,0.0
2771,OG0002464,39.01083892617449,0.0083131238149702,Non-antimicrobial,0.0,0.0
2772,OG0002423,36.73049618320611,0.0196178095252,Non-antimicrobial,0.0,0.0
2773,OG0002415,74.00441696113074,0.7168830126760347,Antimicrobial,0.0,0.0
2774,OG0002412,32.042739043824696,0.4816871197681112,Non-antimicrobial,0.0,0.0
2775,OG0002394,31.893469387755104,0.0446655874153344,Non-antimicrobial,0.0,0.0
2776,OG0002391,80.83091331269351,0.3306824379033591,Non-antimicrobial,0.0,0.0
2777,OG0002388,35.37366141732284,0.4327234083804696,Non-antimicrobial,0.0,0.0
2778,OG0002387,79.96079892280073,0.9674247457252916,Antimicrobial,0.0,0.0
2779,OG0002373,66.12240388349515,0.9965220731368116,Antimicrobial,0.0,0.0
2780,OG0002186,47.407476240760296,0.0035793252023007,Non-antimicrobial,0.0,0.0
2781,OG0002372,84.6197510373444,0.5851014530979619,Antimicrobial,0.0,0.0
2782,OG0002327,42.700852618757615,0.2728287239464561,Non-antimicrobial,0.0,0.0
2783,OG0002261,43.55749190938512,0.1729673550369204,Non-antimicrobial,0.0,0.0
2784,OG0002222,40.84662674650698,0.0678525252224436,Non-antimicrobial,0.0,0.0
2785,OG0002219,31.719433070866145,0.0471137349547359,Non-antimicrobial,0.0,0.0
2786,OG0002218,70.34327311370882,0.8688229865150615,Antimicrobial,0.0,0.0
2787,OG0002207,75.13990707070707,0.7147985282782656,Antimicrobial,0.0,0.0
2788,OG0002204,59.99892890995261,0.3782397016416529,Non-antimicrobial,0.0,0.0
2789,OG0002201,28.79243545611015,0.0332007704857236,Non-antimicrobial,0.0,0.0
2790,OG0002466,33.99241170534813,0.2217428750023184,Non-antimicrobial,0.0,0.0
2791,OG0002467,28.196574952561672,0.0357089857033875,Non-antimicrobial,0.0,0.0
2792,OG0002471,83.20890809827115,0.9125354253180308,Antimicrobial,0.0,0.0
2793,OG0002488,44.994974226804125,0.6940983544385592,Antimicrobial,0.0,0.0
2794,OG0002693,25.851545667447308,0.4115614159482773,Non-antimicrobial,0.0,0.0
2795,OG0002691,,,,0.0,1.0
2796,OG0002690,44.5548115687993,0.2880950251768351,Non-antimicrobial,0.0,0.0
2797,OG0002689,26.98964862298196,0.8929091733454545,Antimicrobial,0.0,0.0
2798,OG0002688,48.68796296296296,0.0279328112089849,Non-antimicrobial,0.0,0.0
2799,OG0002682,73.85822857142855,0.1062412756281736,Non-antimicrobial,0.0,0.0
2800,OG0002665,33.641382716049385,0.0709333795166642,Non-antimicrobial,0.0,0.0
2801,OG0002664,27.00649838882922,0.5981975602336035,Antimicrobial,0.0,0.0
2802,OG0002662,42.25336717428088,0.3972833673047125,Non-antimicrobial,0.0,0.0
2803,OG0002657,27.40907325684025,0.1002737825181791,Non-antimicrobial,0.0,0.0
2804,OG0002630,35.32830532212885,0.1451381865763136,Non-antimicrobial,0.0,0.0
2805,OG0002612,68.06973876698014,0.897512929179478,Antimicrobial,0.0,0.0
2806,OG0002609,66.32736669401149,0.7390629499073641,Antimicrobial,0.0,0.0
2807,OG0002608,44.64993131868132,0.1542884291164361,Non-antimicrobial,0.0,0.0
2808,OG0002606,62.641310251188045,0.9460198945584009,Antimicrobial,0.0,0.0
2809,OG0002602,50.79074336283186,0.8205621066883731,Antimicrobial,0.0,0.0
2810,OG0002581,34.99940867279895,0.5085325232625351,Antimicrobial,0.0,0.0
2811,OG0002530,40.02084063047285,0.0882142083138485,Non-antimicrobial,0.0,0.0
2812,OG0002526,84.80851800554017,0.8884186311579696,Antimicrobial,0.0,0.0
2813,OG0002187,,,,0.0,1.0
2814,OG0002182,66.12900763358778,0.9925849971166136,Antimicrobial,0.0,0.0
2815,OG0003661,56.491476190476185,0.0138504061553517,Non-antimicrobial,0.0,0.0
2816,OG0001390,41.028745067087605,0.8336995880928862,Antimicrobial,0.0,0.0
2817,OG0001670,74.40835931091058,0.8525353880354816,Antimicrobial,0.0,0.0
2818,OG0001667,49.57388613861386,0.0557350361370279,Non-antimicrobial,0.0,0.0
2819,OG0001666,65.07740428790198,0.6091358867558347,Antimicrobial,0.0,0.0
2820,OG0001665,78.02971642589621,0.0791364961531936,Non-antimicrobial,0.0,0.0
2821,OG0001662,77.43294117647059,0.8239928589453744,Antimicrobial,0.0,0.0
2822,OG0001555,31.26758561643836,0.791803230034348,Antimicrobial,0.0,0.0
2823,OG0001548,44.443906464924346,0.4771441439845852,Non-antimicrobial,0.0,0.0
2824,OG0001500,44.0858751393534,0.994403283294885,Antimicrobial,0.0,0.0
2825,OG0001430,49.74816332635358,0.999994204419932,Antimicrobial,0.0,0.0
2826,OG0001348,84.77609618104667,0.8036288139209888,Antimicrobial,0.0,0.0
2827,OG0002181,31.53908223534757,0.9590723625844658,Antimicrobial,0.0,0.0
2828,OG0001320,31.76682584269664,0.8636015567221166,Antimicrobial,0.0,0.0
2829,OG0001295,67.5921647940075,0.260962279754581,Non-antimicrobial,0.0,0.0
2830,OG0001252,32.013309300648885,0.0077792564931767,Non-antimicrobial,0.0,0.0
2831,OG0001235,42.84881838074399,0.0577527160038431,Non-antimicrobial,0.0,0.0
2832,OG0001232,56.404284552845525,0.6451164779758382,Antimicrobial,0.0,0.0
2833,OG0001184,82.10212020033389,0.0802151405834456,Non-antimicrobial,0.0,0.0
2834,OG0001173,43.66529139685477,0.0783316355798791,Non-antimicrobial,0.0,0.0
2835,OG0001129,48.499619883040936,0.0311480414134495,Non-antimicrobial,0.0,0.0
2836,OG0000928,56.7894347826087,0.0345352207568461,Non-antimicrobial,0.0,0.0
2837,OG0001672,46.89489871086556,0.0828174771188636,Non-antimicrobial,0.0,0.0
2838,OG0001676,60.34071258907364,0.2938403861405801,Non-antimicrobial,0.0,0.0
2839,OG0001742,62.86803539823009,0.4425161005934268,Non-antimicrobial,0.0,0.0
2840,OG0001763,79.11376798561152,0.8556862797481054,Antimicrobial,0.0,0.0
2841,OG0002132,74.20551834130782,0.2619351782502023,Non-antimicrobial,0.0,0.0
2842,OG0002117,72.70765004616804,0.7428770120416424,Antimicrobial,0.0,0.0
2843,OG0002058,31.157371007371005,0.006378479261693,Non-antimicrobial,0.0,0.0
2844,OG0002057,84.54524647887324,0.8352695182110738,Antimicrobial,0.0,0.0
2845,OG0002017,48.33963680387409,0.05256347041778,Non-antimicrobial,0.0,0.0
2846,OG0002007,64.79777364110201,0.0165965255264672,Non-antimicrobial,0.0,0.0
2847,OG0001894,32.301074285714286,0.1606734013109387,Non-antimicrobial,0.0,0.0
2848,OG0001893,38.6320674386921,0.0,Non-antimicrobial,0.0,0.0
2849,OG0001885,24.79128727272728,0.363527159444733,Non-antimicrobial,0.0,0.0
2850,OG0001884,,,,0.0,1.0
2851,OG0001876,52.161766497461926,0.4945430061133549,Non-antimicrobial,0.0,0.0
2852,OG0001869,,,,0.0,1.0
2853,OG0001850,29.178501144164763,0.9954717836708082,Antimicrobial,0.0,0.0
2854,OG0001839,33.72406631762652,0.9751287383768976,Antimicrobial,0.0,0.0
2855,OG0001838,51.91968553459119,0.7828548858903959,Antimicrobial,0.0,0.0
2856,OG0001777,34.7570692431562,0.8520745373570197,Antimicrobial,0.0,0.0
2857,OG0001776,,,,0.0,1.0
2858,OG0001775,77.4916059602649,0.4568054588678423,Non-antimicrobial,0.0,0.0
2859,OG0001772,,,,0.0,0.0
2860,OG0002694,46.14226480836237,0.0625818014010899,Non-antimicrobial,0.0,0.0
2861,OG0002696,38.38293233082707,0.0128316046370307,Non-antimicrobial,0.0,0.0
2862,OG0002704,46.821060903732814,0.2855950174216068,Non-antimicrobial,0.0,0.0
2863,OG0003246,55.02257959714101,0.2307324802953254,Non-antimicrobial,0.0,0.0
2864,OG0003466,33.70922716627634,0.1202678775999773,Non-antimicrobial,0.0,0.0
2865,OG0003377,64.93112403100774,0.9912865763880282,Antimicrobial,0.0,0.0
2866,OG0003368,37.2147125,0.7320100827571533,Antimicrobial,0.0,0.0
2867,OG0003295,65.3121079046424,0.2726347607245513,Non-antimicrobial,0.0,0.0
2868,OG0003259,68.57132768361582,0.0001906715985046,Non-antimicrobial,0.0,0.0
2869,OG0003253,34.015562889622295,0.9896080709724372,Antimicrobial,0.0,0.0
2870,OG0003251,45.858178613396,0.4518882076621148,Non-antimicrobial,0.0,0.0
2871,OG0003250,38.45648897058824,0.010266424238467,Non-antimicrobial,0.0,0.0
2872,OG0003247,,,,0.0,1.0
2873,OG0003245,79.58153968887116,0.9896529672692704,Antimicrobial,0.0,0.0
2874,OG0002713,30.09529352226721,0.9563033886086272,Antimicrobial,0.0,0.0
2875,OG0003244,44.08829467939973,0.8252520504723881,Antimicrobial,0.0,0.0
2876,OG0003243,33.158064,0.987238903333575,Antimicrobial,0.0,0.0
2877,OG0003242,43.24471532846715,0.9806477047320656,Antimicrobial,0.0,0.0
2878,OG0003241,,,,0.0,1.0
2879,OG0003217,45.15416,0.1538612165083001,Non-antimicrobial,0.0,0.0
2880,OG0003216,55.46680921052632,0.3815330262238841,Non-antimicrobial,0.0,0.0
2881,OG0003215,34.68718032786885,0.0285742397922325,Non-antimicrobial,0.0,0.0
2882,OG0003214,32.149848484848484,0.088795921190138,Non-antimicrobial,0.0,0.0
2883,OG0003208,85.36229428848016,0.2346617979444807,Non-antimicrobial,0.0,0.0
2884,OG0003489,76.23660909856783,0.9997676149549436,Antimicrobial,0.0,0.0
2885,OG0003490,41.88421052631579,0.9914715782811764,Antimicrobial,0.0,0.0
2886,OG0003506,71.96854986522911,0.7198731635531552,Antimicrobial,0.0,0.0
2887,OG0003507,41.061289288005135,0.198340444883893,Non-antimicrobial,0.0,0.0
2888,OG0003660,28.31519955654102,0.1403367288435895,Non-antimicrobial,0.0,0.0
2889,OG0003658,25.12276453765491,0.6951149131004098,Antimicrobial,0.0,0.0
2890,OG0003639,42.74373004354136,0.0064490872172549,Non-antimicrobial,0.0,0.0
2891,OG0003634,,,,0.0,1.0
2892,OG0003632,41.27722067039106,0.935331607530361,Antimicrobial,0.0,0.0
2893,OG0003626,60.99161047203491,0.6884061114539093,Antimicrobial,0.0,0.0
2894,OG0003623,31.551420256111754,0.7091932007063577,Antimicrobial,0.0,0.0
2895,OG0003620,90.61197674418604,0.6134601286957616,Antimicrobial,0.0,0.0
2896,OG0003618,57.61905292479108,0.0057377654668566,Non-antimicrobial,0.0,0.0
2897,OG0003617,73.01225382932168,0.3866096254568566,Non-antimicrobial,0.0,0.0
2898,OG0003615,47.533671497584535,0.1759244615020317,Non-antimicrobial,0.0,0.0
2899,OG0003592,83.62525208241999,0.7999663040459015,Antimicrobial,0.0,0.0
2900,OG0003589,31.617152451309604,0.1927221253654683,Non-antimicrobial,0.0,0.0
2901,OG0003555,44.9561252446184,0.0041309705891817,Non-antimicrobial,0.0,0.0
2902,OG0003554,40.7786455026455,0.1366781938968062,Non-antimicrobial,0.0,0.0
2903,OG0003535,34.02661111111111,0.0898534451490746,Non-antimicrobial,0.0,0.0
2904,OG0003511,74.37135170603675,0.949067364525678,Antimicrobial,0.0,0.0
2905,OG0003510,35.48362348178138,0.9186968630528092,Antimicrobial,0.0,0.0
2906,OG0003509,28.7904185520362,0.0002134151805425,Non-antimicrobial,0.0,0.0
2907,OG0003186,89.88375856615708,0.7675608658686671,Antimicrobial,0.0,0.0
2908,OG0003185,73.88508343265792,0.0846300349277759,Non-antimicrobial,0.0,0.0
2909,OG0003184,50.31539579158317,0.941471757995871,Antimicrobial,0.0,0.0
2910,OG0002978,59.50509602194788,0.0825207773727276,Non-antimicrobial,0.0,0.0
2911,OG0002954,36.06299145299145,0.0795723752064787,Non-antimicrobial,0.0,0.0
2912,OG0002923,68.77870939420545,0.8269190014760154,Antimicrobial,0.0,0.0
2913,OG0002913,32.32624545454546,0.2140810563803075,Non-antimicrobial,0.0,0.0
2914,OG0002850,26.490413135593226,0.0412907521625026,Non-antimicrobial,0.0,0.0
2915,OG0002827,45.03687653311529,0.7908927627951085,Antimicrobial,0.0,0.0
2916,OG0002803,81.36302798982187,0.5687990724933447,Antimicrobial,0.0,0.0
2917,OG0002800,41.1493050397878,0.0965676993663996,Non-antimicrobial,0.0,0.0
2918,OG0002798,,,,0.0,1.0
2919,OG0002797,51.71690154440154,0.4152656454796379,Non-antimicrobial,0.0,0.0
2920,OG0002796,62.27613610149943,0.4789017878235931,Non-antimicrobial,0.0,0.0
2921,OG0002795,,,,0.0,0.0
2922,OG0002759,56.43409863945578,0.0146123112952834,Non-antimicrobial,0.0,0.0
2923,OG0002758,49.86498113207548,0.0008342216528248,Non-antimicrobial,0.0,0.0
2924,OG0002757,46.7856428021555,0.1747101978109844,Non-antimicrobial,0.0,0.0
2925,OG0002742,59.83882877148312,0.5416039466068322,Antimicrobial,0.0,0.0
2926,OG0002737,47.45336229365768,0.6626850484694543,Antimicrobial,0.0,0.0
2927,OG0002735,81.38580952380953,0.0107373402500396,Non-antimicrobial,0.0,0.0
2928,OG0002734,63.70977755308392,0.5891857688411166,Antimicrobial,0.0,0.0
2929,OG0002733,27.790196599362385,0.2004002425172622,Non-antimicrobial,0.0,0.0
2930,OG0002968,44.97418491484185,0.061150933812713,Non-antimicrobial,0.0,0.0
2931,OG0002985,34.11944572748268,0.2472604034733574,Non-antimicrobial,0.0,0.0
2932,OG0003183,68.20052348993289,0.9973450504979626,Antimicrobial,0.0,0.0
2933,OG0002986,28.31739612188366,0.4443026003440284,Non-antimicrobial,0.0,0.0
2934,OG0003163,70.9825205158265,0.998922933684046,Antimicrobial,0.0,0.0
2935,OG0003160,68.02347673397716,0.4849388400280678,Non-antimicrobial,0.0,0.0
2936,OG0003142,75.19190638297871,0.9974757995996582,Antimicrobial,0.0,0.0
2937,OG0003141,34.87100567721006,0.0212055105961169,Non-antimicrobial,0.0,0.0
2938,OG0003139,60.52859271523178,0.9896107487107088,Antimicrobial,0.0,0.0
2939,OG0003118,,,,0.0,1.0
2940,OG0003117,29.379532646048112,0.6802413845457802,Antimicrobial,0.0,0.0
2941,OG0003116,34.07721074380165,0.1814332346013434,Non-antimicrobial,0.0,0.0
2942,OG0003115,70.12181249999999,0.9277924004059578,Antimicrobial,0.0,0.0
2943,OG0003113,82.171344873502,0.6022423638782053,Antimicrobial,0.0,0.0
2944,OG0003111,62.662702702702695,0.5122961499552985,Antimicrobial,0.0,0.0
2945,OG0003110,57.03275482093664,0.0023294326291523,Non-antimicrobial,0.0,0.0
2946,OG0003108,26.519583333333333,0.0044759725654944,Non-antimicrobial,0.0,0.0
2947,OG0003080,74.4764880952381,0.7810246685340163,Antimicrobial,0.0,0.0
2948,OG0003064,33.796281108597285,0.868759040509997,Antimicrobial,0.0,0.0
2949,OG0002992,57.96180616740089,0.0058649539449924,Non-antimicrobial,0.0,0.0
2950,OG0002989,,,,0.0,1.0
2951,OG0002988,65.58971582181259,0.536760103477953,Antimicrobial,0.0,0.0
2952,OG0002987,70.19032319391636,0.8947568937674226,Antimicrobial,0.0,0.0
